sku_id,week_start,predicted_units_sold
SKU0001,2024-12-30,100.78
SKU0001,2025-01-06,100.78
SKU0001,2025-01-13,100.78
SKU0001,2025-01-20,100.78
SKU0001,2025-01-27,100.78
SKU0001,2025-02-03,100.78
SKU0001,2025-02-10,100.78
SKU0001,2025-02-17,100.78
SKU0002,2024-12-30,199.23
SKU0002,2025-01-06,199.23
SKU0002,2025-01-13,199.23
SKU0002,2025-01-20,199.23
SKU0002,2025-01-27,199.23
SKU0002,2025-02-03,199.23
SKU0002,2025-02-10,199.23
SKU0002,2025-02-17,199.23
SKU0003,2024-12-30,0.17
SKU0003,2025-01-06,0.17
SKU0003,2025-01-13,0.17
SKU0003,2025-01-20,0.17
SKU0003,2025-01-27,0.17
SKU0003,2025-02-03,0.17
SKU0003,2025-02-10,0.17
SKU0003,2025-02-17,0.17
SKU0004,2024-12-30,158.69
SKU0004,2025-01-06,158.69
SKU0004,2025-01-13,158.69
SKU0004,2025-01-20,158.69
SKU0004,2025-01-27,158.69
SKU0004,2025-02-03,158.69
SKU0004,2025-02-10,158.69
SKU0004,2025-02-17,158.69
SKU0005,2024-12-30,340.01
SKU0005,2025-01-06,340.01
SKU0005,2025-01-13,340.01
SKU0005,2025-01-20,340.01
SKU0005,2025-01-27,340.01
SKU0005,2025-02-03,340.01
SKU0005,2025-02-10,340.01
SKU0005,2025-02-17,340.01
SKU0007,2024-12-30,136.19
SKU0007,2025-01-06,136.19
SKU0007,2025-01-13,136.19
SKU0007,2025-01-20,136.19
SKU0007,2025-01-27,136.19
SKU0007,2025-02-03,136.19
SKU0007,2025-02-10,136.19
SKU0007,2025-02-17,136.19
SKU0008,2024-12-30,219.01
SKU0008,2025-01-06,219.01
SKU0008,2025-01-13,219.01
SKU0008,2025-01-20,219.01
SKU0008,2025-01-27,219.01
SKU0008,2025-02-03,219.01
SKU0008,2025-02-10,219.01
SKU0008,2025-02-17,219.01
SKU0011,2024-12-30,36.59
SKU0011,2025-01-06,36.59
SKU0011,2025-01-13,36.59
SKU0011,2025-01-20,36.59
SKU0011,2025-01-27,36.59
SKU0011,2025-02-03,36.59
SKU0011,2025-02-10,36.59
SKU0011,2025-02-17,36.59
SKU0012,2024-12-30,230.6
SKU0012,2025-01-06,230.6
SKU0012,2025-01-13,230.6
SKU0012,2025-01-20,230.6
SKU0012,2025-01-27,230.6
SKU0012,2025-02-03,230.6
SKU0012,2025-02-10,230.6
SKU0012,2025-02-17,230.6
SKU0013,2024-12-30,37.05
SKU0013,2025-01-06,37.05
SKU0013,2025-01-13,37.05
SKU0013,2025-01-20,37.05
SKU0013,2025-01-27,37.05
SKU0013,2025-02-03,37.05
SKU0013,2025-02-10,37.05
SKU0013,2025-02-17,37.05
SKU0014,2024-12-30,164.04
SKU0014,2025-01-06,164.04
SKU0014,2025-01-13,164.04
SKU0014,2025-01-20,164.04
SKU0014,2025-01-27,164.04
SKU0014,2025-02-03,164.04
SKU0014,2025-02-10,164.04
SKU0014,2025-02-17,164.04
SKU0015,2024-12-30,259.6
SKU0015,2025-01-06,259.6
SKU0015,2025-01-13,259.6
SKU0015,2025-01-20,259.6
SKU0015,2025-01-27,259.6
SKU0015,2025-02-03,259.6
SKU0015,2025-02-10,259.6
SKU0015,2025-02-17,259.6
SKU0017,2024-12-30,90.16
SKU0017,2025-01-06,90.16
SKU0017,2025-01-13,90.16
SKU0017,2025-01-20,90.16
SKU0017,2025-01-27,90.16
SKU0017,2025-02-03,90.16
SKU0017,2025-02-10,90.16
SKU0017,2025-02-17,90.16
SKU0018,2024-12-30,277.4
SKU0018,2025-01-06,277.4
SKU0018,2025-01-13,277.4
SKU0018,2025-01-20,277.4
SKU0018,2025-01-27,277.4
SKU0018,2025-02-03,277.4
SKU0018,2025-02-10,277.4
SKU0018,2025-02-17,277.4
SKU0019,2024-12-30,68.38
SKU0019,2025-01-06,68.38
SKU0019,2025-01-13,68.38
SKU0019,2025-01-20,68.38
SKU0019,2025-01-27,68.38
SKU0019,2025-02-03,68.38
SKU0019,2025-02-10,68.38
SKU0019,2025-02-17,68.38
SKU0020,2024-12-30,245.98
SKU0020,2025-01-06,245.98
SKU0020,2025-01-13,245.98
SKU0020,2025-01-20,245.98
SKU0020,2025-01-27,245.98
SKU0020,2025-02-03,245.98
SKU0020,2025-02-10,245.98
SKU0020,2025-02-17,245.98
SKU0021,2024-12-30,143.59
SKU0021,2025-01-06,143.59
SKU0021,2025-01-13,143.59
SKU0021,2025-01-20,143.59
SKU0021,2025-01-27,143.59
SKU0021,2025-02-03,143.59
SKU0021,2025-02-10,143.59
SKU0021,2025-02-17,143.59
SKU0024,2024-12-30,19.64
SKU0024,2025-01-06,19.64
SKU0024,2025-01-13,19.64
SKU0024,2025-01-20,19.64
SKU0024,2025-01-27,19.64
SKU0024,2025-02-03,19.64
SKU0024,2025-02-10,19.64
SKU0024,2025-02-17,19.64
SKU0025,2024-12-30,9.94
SKU0025,2025-01-06,9.94
SKU0025,2025-01-13,9.94
SKU0025,2025-01-20,9.94
SKU0025,2025-01-27,9.94
SKU0025,2025-02-03,9.94
SKU0025,2025-02-10,9.94
SKU0025,2025-02-17,9.94
SKU0029,2024-12-30,146.24
SKU0029,2025-01-06,146.24
SKU0029,2025-01-13,146.24
SKU0029,2025-01-20,146.24
SKU0029,2025-01-27,146.24
SKU0029,2025-02-03,146.24
SKU0029,2025-02-10,146.24
SKU0029,2025-02-17,146.24
SKU0030,2024-12-30,635.68
SKU0030,2025-01-06,635.68
SKU0030,2025-01-13,635.68
SKU0030,2025-01-20,635.68
SKU0030,2025-01-27,635.68
SKU0030,2025-02-03,635.68
SKU0030,2025-02-10,635.68
SKU0030,2025-02-17,635.68
SKU0031,2024-12-30,88.9
SKU0031,2025-01-06,88.9
SKU0031,2025-01-13,88.9
SKU0031,2025-01-20,88.9
SKU0031,2025-01-27,88.9
SKU0031,2025-02-03,88.9
SKU0031,2025-02-10,88.9
SKU0031,2025-02-17,88.9
SKU0032,2024-12-30,290.83
SKU0032,2025-01-06,290.83
SKU0032,2025-01-13,290.83
SKU0032,2025-01-20,290.83
SKU0032,2025-01-27,290.83
SKU0032,2025-02-03,290.83
SKU0032,2025-02-10,290.83
SKU0032,2025-02-17,290.83
SKU0033,2024-12-30,152.64
SKU0033,2025-01-06,152.64
SKU0033,2025-01-13,152.64
SKU0033,2025-01-20,152.64
SKU0033,2025-01-27,152.64
SKU0033,2025-02-03,152.64
SKU0033,2025-02-10,152.64
SKU0033,2025-02-17,152.64
SKU0034,2024-12-30,68.81
SKU0034,2025-01-06,68.81
SKU0034,2025-01-13,68.81
SKU0034,2025-01-20,68.81
SKU0034,2025-01-27,68.81
SKU0034,2025-02-03,68.81
SKU0034,2025-02-10,68.81
SKU0034,2025-02-17,68.81
SKU0037,2024-12-30,117.93
SKU0037,2025-01-06,117.93
SKU0037,2025-01-13,117.93
SKU0037,2025-01-20,117.93
SKU0037,2025-01-27,117.93
SKU0037,2025-02-03,117.93
SKU0037,2025-02-10,117.93
SKU0037,2025-02-17,117.93
SKU0038,2024-12-30,223.85
SKU0038,2025-01-06,223.85
SKU0038,2025-01-13,223.85
SKU0038,2025-01-20,223.85
SKU0038,2025-01-27,223.85
SKU0038,2025-02-03,223.85
SKU0038,2025-02-10,223.85
SKU0038,2025-02-17,223.85
SKU0039,2024-12-30,94.95
SKU0039,2025-01-06,94.95
SKU0039,2025-01-13,94.95
SKU0039,2025-01-20,94.95
SKU0039,2025-01-27,94.95
SKU0039,2025-02-03,94.95
SKU0039,2025-02-10,94.95
SKU0039,2025-02-17,94.95
SKU0040,2024-12-30,42.65
SKU0040,2025-01-06,42.65
SKU0040,2025-01-13,42.65
SKU0040,2025-01-20,42.65
SKU0040,2025-01-27,42.65
SKU0040,2025-02-03,42.65
SKU0040,2025-02-10,42.65
SKU0040,2025-02-17,42.65
SKU0042,2024-12-30,269.65
SKU0042,2025-01-06,269.65
SKU0042,2025-01-13,269.65
SKU0042,2025-01-20,269.65
SKU0042,2025-01-27,269.65
SKU0042,2025-02-03,269.65
SKU0042,2025-02-10,269.65
SKU0042,2025-02-17,269.65
SKU0045,2024-12-30,342.78
SKU0045,2025-01-06,342.78
SKU0045,2025-01-13,342.78
SKU0045,2025-01-20,342.78
SKU0045,2025-01-27,342.78
SKU0045,2025-02-03,342.78
SKU0045,2025-02-10,342.78
SKU0045,2025-02-17,342.78
SKU0046,2024-12-30,403.83
SKU0046,2025-01-06,403.83
SKU0046,2025-01-13,403.83
SKU0046,2025-01-20,403.83
SKU0046,2025-01-27,403.83
SKU0046,2025-02-03,403.83
SKU0046,2025-02-10,403.83
SKU0046,2025-02-17,403.83
SKU0048,2024-12-30,1.03
SKU0048,2025-01-06,1.03
SKU0048,2025-01-13,1.03
SKU0048,2025-01-20,1.03
SKU0048,2025-01-27,1.03
SKU0048,2025-02-03,1.03
SKU0048,2025-02-10,1.03
SKU0048,2025-02-17,1.03
SKU0049,2024-12-30,145.57
SKU0049,2025-01-06,145.57
SKU0049,2025-01-13,145.57
SKU0049,2025-01-20,145.57
SKU0049,2025-01-27,145.57
SKU0049,2025-02-03,145.57
SKU0049,2025-02-10,145.57
SKU0049,2025-02-17,145.57
SKU0050,2024-12-30,16.58
SKU0050,2025-01-06,16.58
SKU0050,2025-01-13,16.58
SKU0050,2025-01-20,16.58
SKU0050,2025-01-27,16.58
SKU0050,2025-02-03,16.58
SKU0050,2025-02-10,16.58
SKU0050,2025-02-17,16.58
SKU0051,2024-12-30,119.22
SKU0051,2025-01-06,119.22
SKU0051,2025-01-13,119.22
SKU0051,2025-01-20,119.22
SKU0051,2025-01-27,119.22
SKU0051,2025-02-03,119.22
SKU0051,2025-02-10,119.22
SKU0051,2025-02-17,119.22
SKU0052,2024-12-30,292.72
SKU0052,2025-01-06,292.72
SKU0052,2025-01-13,292.72
SKU0052,2025-01-20,292.72
SKU0052,2025-01-27,292.72
SKU0052,2025-02-03,292.72
SKU0052,2025-02-10,292.72
SKU0052,2025-02-17,292.72
SKU0053,2024-12-30,106.61
SKU0053,2025-01-06,106.61
SKU0053,2025-01-13,106.61
SKU0053,2025-01-20,106.61
SKU0053,2025-01-27,106.61
SKU0053,2025-02-03,106.61
SKU0053,2025-02-10,106.61
SKU0053,2025-02-17,106.61
SKU0055,2024-12-30,9.0
SKU0055,2025-01-06,9.0
SKU0055,2025-01-13,9.0
SKU0055,2025-01-20,9.0
SKU0055,2025-01-27,9.0
SKU0055,2025-02-03,9.0
SKU0055,2025-02-10,9.0
SKU0055,2025-02-17,9.0
SKU0056,2024-12-30,164.87
SKU0056,2025-01-06,164.87
SKU0056,2025-01-13,164.87
SKU0056,2025-01-20,164.87
SKU0056,2025-01-27,164.87
SKU0056,2025-02-03,164.87
SKU0056,2025-02-10,164.87
SKU0056,2025-02-17,164.87
SKU0057,2024-12-30,398.07
SKU0057,2025-01-06,398.07
SKU0057,2025-01-13,398.07
SKU0057,2025-01-20,398.07
SKU0057,2025-01-27,398.07
SKU0057,2025-02-03,398.07
SKU0057,2025-02-10,398.07
SKU0057,2025-02-17,398.07
SKU0058,2024-12-30,304.99
SKU0058,2025-01-06,304.99
SKU0058,2025-01-13,304.99
SKU0058,2025-01-20,304.99
SKU0058,2025-01-27,304.99
SKU0058,2025-02-03,304.99
SKU0058,2025-02-10,304.99
SKU0058,2025-02-17,304.99
SKU0059,2024-12-30,108.42
SKU0059,2025-01-06,108.42
SKU0059,2025-01-13,108.42
SKU0059,2025-01-20,108.42
SKU0059,2025-01-27,108.42
SKU0059,2025-02-03,108.42
SKU0059,2025-02-10,108.42
SKU0059,2025-02-17,108.42
SKU0061,2024-12-30,21.36
SKU0061,2025-01-06,21.36
SKU0061,2025-01-13,21.36
SKU0061,2025-01-20,21.36
SKU0061,2025-01-27,21.36
SKU0061,2025-02-03,21.36
SKU0061,2025-02-10,21.36
SKU0061,2025-02-17,21.36
SKU0062,2024-12-30,93.95
SKU0062,2025-01-06,93.95
SKU0062,2025-01-13,93.95
SKU0062,2025-01-20,93.95
SKU0062,2025-01-27,93.95
SKU0062,2025-02-03,93.95
SKU0062,2025-02-10,93.95
SKU0062,2025-02-17,93.95
SKU0064,2024-12-30,216.81
SKU0064,2025-01-06,216.81
SKU0064,2025-01-13,216.81
SKU0064,2025-01-20,216.81
SKU0064,2025-01-27,216.81
SKU0064,2025-02-03,216.81
SKU0064,2025-02-10,216.81
SKU0064,2025-02-17,216.81
SKU0065,2024-12-30,25.78
SKU0065,2025-01-06,25.78
SKU0065,2025-01-13,25.78
SKU0065,2025-01-20,25.78
SKU0065,2025-01-27,25.78
SKU0065,2025-02-03,25.78
SKU0065,2025-02-10,25.78
SKU0065,2025-02-17,25.78
SKU0066,2024-12-30,16.74
SKU0066,2025-01-06,16.74
SKU0066,2025-01-13,16.74
SKU0066,2025-01-20,16.74
SKU0066,2025-01-27,16.74
SKU0066,2025-02-03,16.74
SKU0066,2025-02-10,16.74
SKU0066,2025-02-17,16.74
SKU0067,2024-12-30,84.99
SKU0067,2025-01-06,84.99
SKU0067,2025-01-13,84.99
SKU0067,2025-01-20,84.99
SKU0067,2025-01-27,84.99
SKU0067,2025-02-03,84.99
SKU0067,2025-02-10,84.99
SKU0067,2025-02-17,84.99
SKU0070,2024-12-30,158.71
SKU0070,2025-01-06,158.71
SKU0070,2025-01-13,158.71
SKU0070,2025-01-20,158.71
SKU0070,2025-01-27,158.71
SKU0070,2025-02-03,158.71
SKU0070,2025-02-10,158.71
SKU0070,2025-02-17,158.71
SKU0072,2024-12-30,57.68
SKU0072,2025-01-06,57.68
SKU0072,2025-01-13,57.68
SKU0072,2025-01-20,57.68
SKU0072,2025-01-27,57.68
SKU0072,2025-02-03,57.68
SKU0072,2025-02-10,57.68
SKU0072,2025-02-17,57.68
SKU0073,2024-12-30,33.12
SKU0073,2025-01-06,33.12
SKU0073,2025-01-13,33.12
SKU0073,2025-01-20,33.12
SKU0073,2025-01-27,33.12
SKU0073,2025-02-03,33.12
SKU0073,2025-02-10,33.12
SKU0073,2025-02-17,33.12
SKU0074,2024-12-30,13.71
SKU0074,2025-01-06,13.71
SKU0074,2025-01-13,13.71
SKU0074,2025-01-20,13.71
SKU0074,2025-01-27,13.71
SKU0074,2025-02-03,13.71
SKU0074,2025-02-10,13.71
SKU0074,2025-02-17,13.71
SKU0075,2024-12-30,183.72
SKU0075,2025-01-06,183.72
SKU0075,2025-01-13,183.72
SKU0075,2025-01-20,183.72
SKU0075,2025-01-27,183.72
SKU0075,2025-02-03,183.72
SKU0075,2025-02-10,183.72
SKU0075,2025-02-17,183.72
SKU0076,2024-12-30,102.52
SKU0076,2025-01-06,102.52
SKU0076,2025-01-13,102.52
SKU0076,2025-01-20,102.52
SKU0076,2025-01-27,102.52
SKU0076,2025-02-03,102.52
SKU0076,2025-02-10,102.52
SKU0076,2025-02-17,102.52
SKU0077,2024-12-30,146.15
SKU0077,2025-01-06,146.15
SKU0077,2025-01-13,146.15
SKU0077,2025-01-20,146.15
SKU0077,2025-01-27,146.15
SKU0077,2025-02-03,146.15
SKU0077,2025-02-10,146.15
SKU0077,2025-02-17,146.15
SKU0078,2024-12-30,175.25
SKU0078,2025-01-06,175.25
SKU0078,2025-01-13,175.25
SKU0078,2025-01-20,175.25
SKU0078,2025-01-27,175.25
SKU0078,2025-02-03,175.25
SKU0078,2025-02-10,175.25
SKU0078,2025-02-17,175.25
SKU0079,2024-12-30,73.21
SKU0079,2025-01-06,73.21
SKU0079,2025-01-13,73.21
SKU0079,2025-01-20,73.21
SKU0079,2025-01-27,73.21
SKU0079,2025-02-03,73.21
SKU0079,2025-02-10,73.21
SKU0079,2025-02-17,73.21
SKU0080,2024-12-30,11.23
SKU0080,2025-01-06,11.23
SKU0080,2025-01-13,11.23
SKU0080,2025-01-20,11.23
SKU0080,2025-01-27,11.23
SKU0080,2025-02-03,11.23
SKU0080,2025-02-10,11.23
SKU0080,2025-02-17,11.23
SKU0081,2024-12-30,271.86
SKU0081,2025-01-06,271.86
SKU0081,2025-01-13,271.86
SKU0081,2025-01-20,271.86
SKU0081,2025-01-27,271.86
SKU0081,2025-02-03,271.86
SKU0081,2025-02-10,271.86
SKU0081,2025-02-17,271.86
SKU0082,2024-12-30,162.29
SKU0082,2025-01-06,162.29
SKU0082,2025-01-13,162.29
SKU0082,2025-01-20,162.29
SKU0082,2025-01-27,162.29
SKU0082,2025-02-03,162.29
SKU0082,2025-02-10,162.29
SKU0082,2025-02-17,162.29
SKU0083,2024-12-30,119.5
SKU0083,2025-01-06,119.5
SKU0083,2025-01-13,119.5
SKU0083,2025-01-20,119.5
SKU0083,2025-01-27,119.5
SKU0083,2025-02-03,119.5
SKU0083,2025-02-10,119.5
SKU0083,2025-02-17,119.5
SKU0084,2024-12-30,51.6
SKU0084,2025-01-06,51.6
SKU0084,2025-01-13,51.6
SKU0084,2025-01-20,51.6
SKU0084,2025-01-27,51.6
SKU0084,2025-02-03,51.6
SKU0084,2025-02-10,51.6
SKU0084,2025-02-17,51.6
SKU0085,2024-12-30,146.29
SKU0085,2025-01-06,146.29
SKU0085,2025-01-13,146.29
SKU0085,2025-01-20,146.29
SKU0085,2025-01-27,146.29
SKU0085,2025-02-03,146.29
SKU0085,2025-02-10,146.29
SKU0085,2025-02-17,146.29
SKU0086,2024-12-30,383.31
SKU0086,2025-01-06,383.31
SKU0086,2025-01-13,383.31
SKU0086,2025-01-20,383.31
SKU0086,2025-01-27,383.31
SKU0086,2025-02-03,383.31
SKU0086,2025-02-10,383.31
SKU0086,2025-02-17,383.31
SKU0087,2024-12-30,109.15
SKU0087,2025-01-06,109.15
SKU0087,2025-01-13,109.15
SKU0087,2025-01-20,109.15
SKU0087,2025-01-27,109.15
SKU0087,2025-02-03,109.15
SKU0087,2025-02-10,109.15
SKU0087,2025-02-17,109.15
SKU0088,2024-12-30,275.84
SKU0088,2025-01-06,275.84
SKU0088,2025-01-13,275.84
SKU0088,2025-01-20,275.84
SKU0088,2025-01-27,275.84
SKU0088,2025-02-03,275.84
SKU0088,2025-02-10,275.84
SKU0088,2025-02-17,275.84
SKU0089,2024-12-30,161.85
SKU0089,2025-01-06,161.85
SKU0089,2025-01-13,161.85
SKU0089,2025-01-20,161.85
SKU0089,2025-01-27,161.85
SKU0089,2025-02-03,161.85
SKU0089,2025-02-10,161.85
SKU0089,2025-02-17,161.85
SKU0090,2024-12-30,216.83
SKU0090,2025-01-06,216.83
SKU0090,2025-01-13,216.83
SKU0090,2025-01-20,216.83
SKU0090,2025-01-27,216.83
SKU0090,2025-02-03,216.83
SKU0090,2025-02-10,216.83
SKU0090,2025-02-17,216.83
SKU0091,2024-12-30,317.21
SKU0091,2025-01-06,317.21
SKU0091,2025-01-13,317.21
SKU0091,2025-01-20,317.21
SKU0091,2025-01-27,317.21
SKU0091,2025-02-03,317.21
SKU0091,2025-02-10,317.21
SKU0091,2025-02-17,317.21
SKU0092,2024-12-30,107.55
SKU0092,2025-01-06,107.55
SKU0092,2025-01-13,107.55
SKU0092,2025-01-20,107.55
SKU0092,2025-01-27,107.55
SKU0092,2025-02-03,107.55
SKU0092,2025-02-10,107.55
SKU0092,2025-02-17,107.55
SKU0094,2024-12-30,180.68
SKU0094,2025-01-06,180.68
SKU0094,2025-01-13,180.68
SKU0094,2025-01-20,180.68
SKU0094,2025-01-27,180.68
SKU0094,2025-02-03,180.68
SKU0094,2025-02-10,180.68
SKU0094,2025-02-17,180.68
SKU0095,2024-12-30,245.48
SKU0095,2025-01-06,245.48
SKU0095,2025-01-13,245.48
SKU0095,2025-01-20,245.48
SKU0095,2025-01-27,245.48
SKU0095,2025-02-03,245.48
SKU0095,2025-02-10,245.48
SKU0095,2025-02-17,245.48
SKU0096,2024-12-30,19.0
SKU0096,2025-01-06,19.0
SKU0096,2025-01-13,19.0
SKU0096,2025-01-20,19.0
SKU0096,2025-01-27,19.0
SKU0096,2025-02-03,19.0
SKU0096,2025-02-10,19.0
SKU0096,2025-02-17,19.0
SKU0097,2024-12-30,164.44
SKU0097,2025-01-06,164.44
SKU0097,2025-01-13,164.44
SKU0097,2025-01-20,164.44
SKU0097,2025-01-27,164.44
SKU0097,2025-02-03,164.44
SKU0097,2025-02-10,164.44
SKU0097,2025-02-17,164.44
SKU0098,2024-12-30,243.02
SKU0098,2025-01-06,243.02
SKU0098,2025-01-13,243.02
SKU0098,2025-01-20,243.02
SKU0098,2025-01-27,243.02
SKU0098,2025-02-03,243.02
SKU0098,2025-02-10,243.02
SKU0098,2025-02-17,243.02
SKU0099,2024-12-30,24.07
SKU0099,2025-01-06,24.07
SKU0099,2025-01-13,24.07
SKU0099,2025-01-20,24.07
SKU0099,2025-01-27,24.07
SKU0099,2025-02-03,24.07
SKU0099,2025-02-10,24.07
SKU0099,2025-02-17,24.07
SKU0100,2024-12-30,148.1
SKU0100,2025-01-06,148.1
SKU0100,2025-01-13,148.1
SKU0100,2025-01-20,148.1
SKU0100,2025-01-27,148.1
SKU0100,2025-02-03,148.1
SKU0100,2025-02-10,148.1
SKU0100,2025-02-17,148.1
SKU0101,2024-12-30,73.06
SKU0101,2025-01-06,73.06
SKU0101,2025-01-13,73.06
SKU0101,2025-01-20,73.06
SKU0101,2025-01-27,73.06
SKU0101,2025-02-03,73.06
SKU0101,2025-02-10,73.06
SKU0101,2025-02-17,73.06
SKU0102,2024-12-30,69.71
SKU0102,2025-01-06,69.71
SKU0102,2025-01-13,69.71
SKU0102,2025-01-20,69.71
SKU0102,2025-01-27,69.71
SKU0102,2025-02-03,69.71
SKU0102,2025-02-10,69.71
SKU0102,2025-02-17,69.71
SKU0103,2024-12-30,163.89
SKU0103,2025-01-06,163.89
SKU0103,2025-01-13,163.89
SKU0103,2025-01-20,163.89
SKU0103,2025-01-27,163.89
SKU0103,2025-02-03,163.89
SKU0103,2025-02-10,163.89
SKU0103,2025-02-17,163.89
SKU0104,2024-12-30,57.04
SKU0104,2025-01-06,57.04
SKU0104,2025-01-13,57.04
SKU0104,2025-01-20,57.04
SKU0104,2025-01-27,57.04
SKU0104,2025-02-03,57.04
SKU0104,2025-02-10,57.04
SKU0104,2025-02-17,57.04
SKU0105,2024-12-30,1.01
SKU0105,2025-01-06,1.01
SKU0105,2025-01-13,1.01
SKU0105,2025-01-20,1.01
SKU0105,2025-01-27,1.01
SKU0105,2025-02-03,1.01
SKU0105,2025-02-10,1.01
SKU0105,2025-02-17,1.01
SKU0106,2024-12-30,244.17
SKU0106,2025-01-06,244.17
SKU0106,2025-01-13,244.17
SKU0106,2025-01-20,244.17
SKU0106,2025-01-27,244.17
SKU0106,2025-02-03,244.17
SKU0106,2025-02-10,244.17
SKU0106,2025-02-17,244.17
SKU0108,2024-12-30,165.12
SKU0108,2025-01-06,165.12
SKU0108,2025-01-13,165.12
SKU0108,2025-01-20,165.12
SKU0108,2025-01-27,165.12
SKU0108,2025-02-03,165.12
SKU0108,2025-02-10,165.12
SKU0108,2025-02-17,165.12
SKU0109,2024-12-30,467.08
SKU0109,2025-01-06,467.08
SKU0109,2025-01-13,467.08
SKU0109,2025-01-20,467.08
SKU0109,2025-01-27,467.08
SKU0109,2025-02-03,467.08
SKU0109,2025-02-10,467.08
SKU0109,2025-02-17,467.08
SKU0111,2024-12-30,126.19
SKU0111,2025-01-06,126.19
SKU0111,2025-01-13,126.19
SKU0111,2025-01-20,126.19
SKU0111,2025-01-27,126.19
SKU0111,2025-02-03,126.19
SKU0111,2025-02-10,126.19
SKU0111,2025-02-17,126.19
SKU0112,2024-12-30,245.41
SKU0112,2025-01-06,245.41
SKU0112,2025-01-13,245.41
SKU0112,2025-01-20,245.41
SKU0112,2025-01-27,245.41
SKU0112,2025-02-03,245.41
SKU0112,2025-02-10,245.41
SKU0112,2025-02-17,245.41
SKU0114,2024-12-30,126.7
SKU0114,2025-01-06,126.7
SKU0114,2025-01-13,126.7
SKU0114,2025-01-20,126.7
SKU0114,2025-01-27,126.7
SKU0114,2025-02-03,126.7
SKU0114,2025-02-10,126.7
SKU0114,2025-02-17,126.7
SKU0116,2024-12-30,430.67
SKU0116,2025-01-06,430.67
SKU0116,2025-01-13,430.67
SKU0116,2025-01-20,430.67
SKU0116,2025-01-27,430.67
SKU0116,2025-02-03,430.67
SKU0116,2025-02-10,430.67
SKU0116,2025-02-17,430.67
SKU0118,2024-12-30,8.86
SKU0118,2025-01-06,8.86
SKU0118,2025-01-13,8.86
SKU0118,2025-01-20,8.86
SKU0118,2025-01-27,8.86
SKU0118,2025-02-03,8.86
SKU0118,2025-02-10,8.86
SKU0118,2025-02-17,8.86
SKU0119,2024-12-30,94.29
SKU0119,2025-01-06,94.29
SKU0119,2025-01-13,94.29
SKU0119,2025-01-20,94.29
SKU0119,2025-01-27,94.29
SKU0119,2025-02-03,94.29
SKU0119,2025-02-10,94.29
SKU0119,2025-02-17,94.29
SKU0120,2024-12-30,97.93
SKU0120,2025-01-06,97.93
SKU0120,2025-01-13,97.93
SKU0120,2025-01-20,97.93
SKU0120,2025-01-27,97.93
SKU0120,2025-02-03,97.93
SKU0120,2025-02-10,97.93
SKU0120,2025-02-17,97.93
SKU0121,2024-12-30,138.18
SKU0121,2025-01-06,138.18
SKU0121,2025-01-13,138.18
SKU0121,2025-01-20,138.18
SKU0121,2025-01-27,138.18
SKU0121,2025-02-03,138.18
SKU0121,2025-02-10,138.18
SKU0121,2025-02-17,138.18
SKU0124,2024-12-30,322.28
SKU0124,2025-01-06,322.28
SKU0124,2025-01-13,322.28
SKU0124,2025-01-20,322.28
SKU0124,2025-01-27,322.28
SKU0124,2025-02-03,322.28
SKU0124,2025-02-10,322.28
SKU0124,2025-02-17,322.28
SKU0125,2024-12-30,15.06
SKU0125,2025-01-06,15.06
SKU0125,2025-01-13,15.06
SKU0125,2025-01-20,15.06
SKU0125,2025-01-27,15.06
SKU0125,2025-02-03,15.06
SKU0125,2025-02-10,15.06
SKU0125,2025-02-17,15.06
SKU0128,2024-12-30,408.57
SKU0128,2025-01-06,408.57
SKU0128,2025-01-13,408.57
SKU0128,2025-01-20,408.57
SKU0128,2025-01-27,408.57
SKU0128,2025-02-03,408.57
SKU0128,2025-02-10,408.57
SKU0128,2025-02-17,408.57
SKU0129,2024-12-30,30.82
SKU0129,2025-01-06,30.82
SKU0129,2025-01-13,30.82
SKU0129,2025-01-20,30.82
SKU0129,2025-01-27,30.82
SKU0129,2025-02-03,30.82
SKU0129,2025-02-10,30.82
SKU0129,2025-02-17,30.82
SKU0130,2024-12-30,131.06
SKU0130,2025-01-06,131.06
SKU0130,2025-01-13,131.06
SKU0130,2025-01-20,131.06
SKU0130,2025-01-27,131.06
SKU0130,2025-02-03,131.06
SKU0130,2025-02-10,131.06
SKU0130,2025-02-17,131.06
SKU0131,2024-12-30,237.28
SKU0131,2025-01-06,237.28
SKU0131,2025-01-13,237.28
SKU0131,2025-01-20,237.28
SKU0131,2025-01-27,237.28
SKU0131,2025-02-03,237.28
SKU0131,2025-02-10,237.28
SKU0131,2025-02-17,237.28
SKU0132,2024-12-30,267.68
SKU0132,2025-01-06,267.68
SKU0132,2025-01-13,267.68
SKU0132,2025-01-20,267.68
SKU0132,2025-01-27,267.68
SKU0132,2025-02-03,267.68
SKU0132,2025-02-10,267.68
SKU0132,2025-02-17,267.68
SKU0134,2024-12-30,352.36
SKU0134,2025-01-06,352.36
SKU0134,2025-01-13,352.36
SKU0134,2025-01-20,352.36
SKU0134,2025-01-27,352.36
SKU0134,2025-02-03,352.36
SKU0134,2025-02-10,352.36
SKU0134,2025-02-17,352.36
SKU0138,2024-12-30,57.95
SKU0138,2025-01-06,57.95
SKU0138,2025-01-13,57.95
SKU0138,2025-01-20,57.95
SKU0138,2025-01-27,57.95
SKU0138,2025-02-03,57.95
SKU0138,2025-02-10,57.95
SKU0138,2025-02-17,57.95
SKU0139,2024-12-30,583.33
SKU0139,2025-01-06,583.33
SKU0139,2025-01-13,583.33
SKU0139,2025-01-20,583.33
SKU0139,2025-01-27,583.33
SKU0139,2025-02-03,583.33
SKU0139,2025-02-10,583.33
SKU0139,2025-02-17,583.33
SKU0140,2024-12-30,203.71
SKU0140,2025-01-06,203.71
SKU0140,2025-01-13,203.71
SKU0140,2025-01-20,203.71
SKU0140,2025-01-27,203.71
SKU0140,2025-02-03,203.71
SKU0140,2025-02-10,203.71
SKU0140,2025-02-17,203.71
SKU0142,2024-12-30,40.33
SKU0142,2025-01-06,40.33
SKU0142,2025-01-13,40.33
SKU0142,2025-01-20,40.33
SKU0142,2025-01-27,40.33
SKU0142,2025-02-03,40.33
SKU0142,2025-02-10,40.33
SKU0142,2025-02-17,40.33
SKU0143,2024-12-30,21.98
SKU0143,2025-01-06,21.98
SKU0143,2025-01-13,21.98
SKU0143,2025-01-20,21.98
SKU0143,2025-01-27,21.98
SKU0143,2025-02-03,21.98
SKU0143,2025-02-10,21.98
SKU0143,2025-02-17,21.98
SKU0144,2024-12-30,131.12
SKU0144,2025-01-06,131.12
SKU0144,2025-01-13,131.12
SKU0144,2025-01-20,131.12
SKU0144,2025-01-27,131.12
SKU0144,2025-02-03,131.12
SKU0144,2025-02-10,131.12
SKU0144,2025-02-17,131.12
SKU0145,2024-12-30,126.37
SKU0145,2025-01-06,126.37
SKU0145,2025-01-13,126.37
SKU0145,2025-01-20,126.37
SKU0145,2025-01-27,126.37
SKU0145,2025-02-03,126.37
SKU0145,2025-02-10,126.37
SKU0145,2025-02-17,126.37
SKU0146,2024-12-30,54.88
SKU0146,2025-01-06,54.88
SKU0146,2025-01-13,54.88
SKU0146,2025-01-20,54.88
SKU0146,2025-01-27,54.88
SKU0146,2025-02-03,54.88
SKU0146,2025-02-10,54.88
SKU0146,2025-02-17,54.88
SKU0147,2024-12-30,422.73
SKU0147,2025-01-06,422.73
SKU0147,2025-01-13,422.73
SKU0147,2025-01-20,422.73
SKU0147,2025-01-27,422.73
SKU0147,2025-02-03,422.73
SKU0147,2025-02-10,422.73
SKU0147,2025-02-17,422.73
SKU0148,2024-12-30,124.18
SKU0148,2025-01-06,124.18
SKU0148,2025-01-13,124.18
SKU0148,2025-01-20,124.18
SKU0148,2025-01-27,124.18
SKU0148,2025-02-03,124.18
SKU0148,2025-02-10,124.18
SKU0148,2025-02-17,124.18
SKU0149,2024-12-30,300.77
SKU0149,2025-01-06,300.77
SKU0149,2025-01-13,300.77
SKU0149,2025-01-20,300.77
SKU0149,2025-01-27,300.77
SKU0149,2025-02-03,300.77
SKU0149,2025-02-10,300.77
SKU0149,2025-02-17,300.77
SKU0150,2024-12-30,185.45
SKU0150,2025-01-06,185.45
SKU0150,2025-01-13,185.45
SKU0150,2025-01-20,185.45
SKU0150,2025-01-27,185.45
SKU0150,2025-02-03,185.45
SKU0150,2025-02-10,185.45
SKU0150,2025-02-17,185.45
SKU0151,2024-12-30,250.38
SKU0151,2025-01-06,250.38
SKU0151,2025-01-13,250.38
SKU0151,2025-01-20,250.38
SKU0151,2025-01-27,250.38
SKU0151,2025-02-03,250.38
SKU0151,2025-02-10,250.38
SKU0151,2025-02-17,250.38
SKU0152,2024-12-30,183.68
SKU0152,2025-01-06,183.68
SKU0152,2025-01-13,183.68
SKU0152,2025-01-20,183.68
SKU0152,2025-01-27,183.68
SKU0152,2025-02-03,183.68
SKU0152,2025-02-10,183.68
SKU0152,2025-02-17,183.68
SKU0153,2024-12-30,15.17
SKU0153,2025-01-06,15.17
SKU0153,2025-01-13,15.17
SKU0153,2025-01-20,15.17
SKU0153,2025-01-27,15.17
SKU0153,2025-02-03,15.17
SKU0153,2025-02-10,15.17
SKU0153,2025-02-17,15.17
SKU0154,2024-12-30,338.63
SKU0154,2025-01-06,338.63
SKU0154,2025-01-13,338.63
SKU0154,2025-01-20,338.63
SKU0154,2025-01-27,338.63
SKU0154,2025-02-03,338.63
SKU0154,2025-02-10,338.63
SKU0154,2025-02-17,338.63
SKU0155,2024-12-30,338.24
SKU0155,2025-01-06,338.24
SKU0155,2025-01-13,338.24
SKU0155,2025-01-20,338.24
SKU0155,2025-01-27,338.24
SKU0155,2025-02-03,338.24
SKU0155,2025-02-10,338.24
SKU0155,2025-02-17,338.24
SKU0156,2024-12-30,96.08
SKU0156,2025-01-06,96.08
SKU0156,2025-01-13,96.08
SKU0156,2025-01-20,96.08
SKU0156,2025-01-27,96.08
SKU0156,2025-02-03,96.08
SKU0156,2025-02-10,96.08
SKU0156,2025-02-17,96.08
SKU0157,2024-12-30,33.07
SKU0157,2025-01-06,33.07
SKU0157,2025-01-13,33.07
SKU0157,2025-01-20,33.07
SKU0157,2025-01-27,33.07
SKU0157,2025-02-03,33.07
SKU0157,2025-02-10,33.07
SKU0157,2025-02-17,33.07
SKU0158,2024-12-30,353.9
SKU0158,2025-01-06,353.9
SKU0158,2025-01-13,353.9
SKU0158,2025-01-20,353.9
SKU0158,2025-01-27,353.9
SKU0158,2025-02-03,353.9
SKU0158,2025-02-10,353.9
SKU0158,2025-02-17,353.9
SKU0159,2024-12-30,195.33
SKU0159,2025-01-06,195.33
SKU0159,2025-01-13,195.33
SKU0159,2025-01-20,195.33
SKU0159,2025-01-27,195.33
SKU0159,2025-02-03,195.33
SKU0159,2025-02-10,195.33
SKU0159,2025-02-17,195.33
SKU0160,2024-12-30,23.94
SKU0160,2025-01-06,23.94
SKU0160,2025-01-13,23.94
SKU0160,2025-01-20,23.94
SKU0160,2025-01-27,23.94
SKU0160,2025-02-03,23.94
SKU0160,2025-02-10,23.94
SKU0160,2025-02-17,23.94
SKU0161,2024-12-30,114.42
SKU0161,2025-01-06,114.42
SKU0161,2025-01-13,114.42
SKU0161,2025-01-20,114.42
SKU0161,2025-01-27,114.42
SKU0161,2025-02-03,114.42
SKU0161,2025-02-10,114.42
SKU0161,2025-02-17,114.42
SKU0165,2024-12-30,48.15
SKU0165,2025-01-06,48.15
SKU0165,2025-01-13,48.15
SKU0165,2025-01-20,48.15
SKU0165,2025-01-27,48.15
SKU0165,2025-02-03,48.15
SKU0165,2025-02-10,48.15
SKU0165,2025-02-17,48.15
SKU0167,2024-12-30,97.42
SKU0167,2025-01-06,97.42
SKU0167,2025-01-13,97.42
SKU0167,2025-01-20,97.42
SKU0167,2025-01-27,97.42
SKU0167,2025-02-03,97.42
SKU0167,2025-02-10,97.42
SKU0167,2025-02-17,97.42
SKU0168,2024-12-30,93.41
SKU0168,2025-01-06,93.41
SKU0168,2025-01-13,93.41
SKU0168,2025-01-20,93.41
SKU0168,2025-01-27,93.41
SKU0168,2025-02-03,93.41
SKU0168,2025-02-10,93.41
SKU0168,2025-02-17,93.41
SKU0170,2024-12-30,465.11
SKU0170,2025-01-06,465.11
SKU0170,2025-01-13,465.11
SKU0170,2025-01-20,465.11
SKU0170,2025-01-27,465.11
SKU0170,2025-02-03,465.11
SKU0170,2025-02-10,465.11
SKU0170,2025-02-17,465.11
SKU0173,2024-12-30,366.68
SKU0173,2025-01-06,366.68
SKU0173,2025-01-13,366.68
SKU0173,2025-01-20,366.68
SKU0173,2025-01-27,366.68
SKU0173,2025-02-03,366.68
SKU0173,2025-02-10,366.68
SKU0173,2025-02-17,366.68
SKU0174,2024-12-30,7.71
SKU0174,2025-01-06,7.71
SKU0174,2025-01-13,7.71
SKU0174,2025-01-20,7.71
SKU0174,2025-01-27,7.71
SKU0174,2025-02-03,7.71
SKU0174,2025-02-10,7.71
SKU0174,2025-02-17,7.71
SKU0175,2024-12-30,106.68
SKU0175,2025-01-06,106.68
SKU0175,2025-01-13,106.68
SKU0175,2025-01-20,106.68
SKU0175,2025-01-27,106.68
SKU0175,2025-02-03,106.68
SKU0175,2025-02-10,106.68
SKU0175,2025-02-17,106.68
SKU0176,2024-12-30,286.71
SKU0176,2025-01-06,286.71
SKU0176,2025-01-13,286.71
SKU0176,2025-01-20,286.71
SKU0176,2025-01-27,286.71
SKU0176,2025-02-03,286.71
SKU0176,2025-02-10,286.71
SKU0176,2025-02-17,286.71
SKU0180,2024-12-30,137.01
SKU0180,2025-01-06,137.01
SKU0180,2025-01-13,137.01
SKU0180,2025-01-20,137.01
SKU0180,2025-01-27,137.01
SKU0180,2025-02-03,137.01
SKU0180,2025-02-10,137.01
SKU0180,2025-02-17,137.01
SKU0182,2024-12-30,349.3
SKU0182,2025-01-06,349.3
SKU0182,2025-01-13,349.3
SKU0182,2025-01-20,349.3
SKU0182,2025-01-27,349.3
SKU0182,2025-02-03,349.3
SKU0182,2025-02-10,349.3
SKU0182,2025-02-17,349.3
SKU0184,2024-12-30,85.23
SKU0184,2025-01-06,85.23
SKU0184,2025-01-13,85.23
SKU0184,2025-01-20,85.23
SKU0184,2025-01-27,85.23
SKU0184,2025-02-03,85.23
SKU0184,2025-02-10,85.23
SKU0184,2025-02-17,85.23
SKU0187,2024-12-30,167.02
SKU0187,2025-01-06,167.02
SKU0187,2025-01-13,167.02
SKU0187,2025-01-20,167.02
SKU0187,2025-01-27,167.02
SKU0187,2025-02-03,167.02
SKU0187,2025-02-10,167.02
SKU0187,2025-02-17,167.02
SKU0188,2024-12-30,31.66
SKU0188,2025-01-06,31.66
SKU0188,2025-01-13,31.66
SKU0188,2025-01-20,31.66
SKU0188,2025-01-27,31.66
SKU0188,2025-02-03,31.66
SKU0188,2025-02-10,31.66
SKU0188,2025-02-17,31.66
SKU0189,2024-12-30,302.21
SKU0189,2025-01-06,302.21
SKU0189,2025-01-13,302.21
SKU0189,2025-01-20,302.21
SKU0189,2025-01-27,302.21
SKU0189,2025-02-03,302.21
SKU0189,2025-02-10,302.21
SKU0189,2025-02-17,302.21
SKU0191,2024-12-30,70.04
SKU0191,2025-01-06,70.04
SKU0191,2025-01-13,70.04
SKU0191,2025-01-20,70.04
SKU0191,2025-01-27,70.04
SKU0191,2025-02-03,70.04
SKU0191,2025-02-10,70.04
SKU0191,2025-02-17,70.04
SKU0192,2024-12-30,516.6
SKU0192,2025-01-06,516.6
SKU0192,2025-01-13,516.6
SKU0192,2025-01-20,516.6
SKU0192,2025-01-27,516.6
SKU0192,2025-02-03,516.6
SKU0192,2025-02-10,516.6
SKU0192,2025-02-17,516.6
SKU0193,2024-12-30,347.18
SKU0193,2025-01-06,347.18
SKU0193,2025-01-13,347.18
SKU0193,2025-01-20,347.18
SKU0193,2025-01-27,347.18
SKU0193,2025-02-03,347.18
SKU0193,2025-02-10,347.18
SKU0193,2025-02-17,347.18
SKU0194,2024-12-30,84.59
SKU0194,2025-01-06,84.59
SKU0194,2025-01-13,84.59
SKU0194,2025-01-20,84.59
SKU0194,2025-01-27,84.59
SKU0194,2025-02-03,84.59
SKU0194,2025-02-10,84.59
SKU0194,2025-02-17,84.59
SKU0196,2024-12-30,303.22
SKU0196,2025-01-06,303.22
SKU0196,2025-01-13,303.22
SKU0196,2025-01-20,303.22
SKU0196,2025-01-27,303.22
SKU0196,2025-02-03,303.22
SKU0196,2025-02-10,303.22
SKU0196,2025-02-17,303.22
SKU0199,2024-12-30,189.84
SKU0199,2025-01-06,189.84
SKU0199,2025-01-13,189.84
SKU0199,2025-01-20,189.84
SKU0199,2025-01-27,189.84
SKU0199,2025-02-03,189.84
SKU0199,2025-02-10,189.84
SKU0199,2025-02-17,189.84
SKU0200,2024-12-30,319.46
SKU0200,2025-01-06,319.46
SKU0200,2025-01-13,319.46
SKU0200,2025-01-20,319.46
SKU0200,2025-01-27,319.46
SKU0200,2025-02-03,319.46
SKU0200,2025-02-10,319.46
SKU0200,2025-02-17,319.46
