sku_id,week_start,actual,predicted
SKU0001,2024-10-07,1.0,5.9465555555555545
SKU0001,2024-10-14,26.0,20.092817824823108
SKU0001,2024-10-21,88.0,93.94921369372291
SKU0001,2024-10-28,131.0,136.5205434075322
SKU0001,2024-11-04,105.0,110.69298072749156
SKU0001,2024-11-11,111.0,114.19843560052725
SKU0001,2024-11-18,100.0,97.7602039607878
SKU0001,2024-11-25,90.0,94.115654276828
SKU0001,2024-12-02,96.0,98.50679297156246
SKU0001,2024-12-09,98.0,97.70089345932249
SKU0001,2024-12-16,85.0,83.58545742854122
SKU0001,2024-12-23,103.0,101.8601318341753
SKU0002,2024-10-07,126.0,134.2395212453982
SKU0002,2024-10-14,150.0,152.45485310350088
SKU0002,2024-10-21,233.0,230.9562255475831
SKU0002,2024-10-28,232.0,249.46184590526073
SKU0002,2024-11-04,208.0,201.75796813175705
SKU0002,2024-11-11,176.0,187.36067697819846
SKU0002,2024-11-18,185.0,183.58749272749614
SKU0002,2024-11-25,187.0,189.4819041354632
SKU0002,2024-12-02,195.0,197.7068338926514
SKU0002,2024-12-09,175.0,190.85517861133212
SKU0002,2024-12-16,225.0,208.63417403080916
SKU0002,2024-12-23,203.0,203.44351048111116
SKU0003,2024-12-23,0.0,0.26409523809523805
SKU0004,2024-10-07,174.0,167.54779653487995
SKU0004,2024-10-14,240.0,186.775089564195
SKU0004,2024-10-21,357.0,376.7971885760515
SKU0004,2024-10-28,346.0,368.6008871836546
SKU0004,2024-11-04,228.0,257.8651655545476
SKU0004,2024-11-11,155.0,147.15457310708598
SKU0004,2024-11-18,142.0,157.6963798216029
SKU0004,2024-11-25,151.0,151.3720467168006
SKU0004,2024-12-02,134.0,130.0799509767744
SKU0004,2024-12-09,116.0,127.46467615629508
SKU0004,2024-12-16,145.0,136.12647453985278
SKU0004,2024-12-23,146.0,162.86741302707267
SKU0005,2024-10-07,406.0,420.1144141541638
SKU0005,2024-10-14,464.0,404.25954544363617
SKU0005,2024-10-21,915.7060000000056,881.4780801143917
SKU0005,2024-10-28,941.0,943.6411034379215
SKU0005,2024-11-04,488.0,513.3407631408592
SKU0005,2024-11-11,423.0,384.7322343994337
SKU0005,2024-11-18,395.0,409.3091784425079
SKU0005,2024-11-25,378.0,414.61325337409704
SKU0005,2024-12-02,292.0,281.33948781775604
SKU0005,2024-12-09,311.0,333.5047650089712
SKU0005,2024-12-16,333.0,347.6292512324123
SKU0005,2024-12-23,320.0,349.52296396039367
SKU0007,2024-10-07,108.0,110.39046306754068
SKU0007,2024-10-14,149.0,128.8132201091438
SKU0007,2024-10-21,222.0,247.73420598936252
SKU0007,2024-10-28,236.0,220.30288547731578
SKU0007,2024-11-04,166.0,179.76400288039247
SKU0007,2024-11-11,136.0,129.13299769021685
SKU0007,2024-11-18,132.0,146.35580153272053
SKU0007,2024-11-25,127.0,126.3556802640339
SKU0007,2024-12-02,137.0,133.559582943869
SKU0007,2024-12-09,161.0,159.63533094411844
SKU0007,2024-12-16,137.0,149.7218221395471
SKU0007,2024-12-23,141.0,135.62924920714494
SKU0008,2024-10-07,129.0,123.35311618486432
SKU0008,2024-10-14,189.0,180.71971703560553
SKU0008,2024-10-21,290.0,308.9029263930098
SKU0008,2024-10-28,351.0,345.37879419601524
SKU0008,2024-11-04,190.0,208.66631948576583
SKU0008,2024-11-11,187.0,178.6109131681843
SKU0008,2024-11-18,164.0,179.02299689475933
SKU0008,2024-11-25,196.0,181.5130621871793
SKU0008,2024-12-02,189.0,192.74783933262825
SKU0008,2024-12-09,180.0,182.4904995124347
SKU0008,2024-12-16,205.0,209.91707166267767
SKU0008,2024-12-23,211.0,220.0459413872505
SKU0011,2024-10-07,27.0,27.40072067686183
SKU0011,2024-10-14,22.0,23.10544501372137
SKU0011,2024-10-21,53.0,56.96607294197131
SKU0011,2024-10-28,65.0,58.00436481082606
SKU0011,2024-11-04,35.0,40.89067962133613
SKU0011,2024-11-11,23.0,23.43752084760666
SKU0011,2024-11-18,32.0,31.19377351940644
SKU0011,2024-11-25,30.0,26.733311605747552
SKU0011,2024-12-02,36.0,32.87742133698523
SKU0011,2024-12-09,28.0,35.636347521313475
SKU0011,2024-12-16,33.0,25.722270619581376
SKU0011,2024-12-23,31.0,35.80072843780113
SKU0012,2024-10-07,163.0,169.16225402675641
SKU0012,2024-10-14,152.0,131.3663049899443
SKU0012,2024-10-21,348.0,380.918123582214
SKU0012,2024-10-28,407.0,369.72265568606167
SKU0012,2024-11-04,224.0,272.3686361683894
SKU0012,2024-11-11,159.0,151.109223843647
SKU0012,2024-11-18,188.0,192.59532979998545
SKU0012,2024-11-25,198.0,188.51645369525974
SKU0012,2024-12-02,196.0,193.21750160072065
SKU0012,2024-12-09,154.0,163.7088384388372
SKU0012,2024-12-16,210.0,205.98884863403106
SKU0012,2024-12-23,229.0,222.48948771387734
SKU0013,2024-10-14,3.0,8.041710667986985
SKU0013,2024-10-21,22.0,20.621536802396108
SKU0013,2024-10-28,34.0,36.18952525276027
SKU0013,2024-11-04,28.0,27.27094786971295
SKU0013,2024-11-11,36.0,34.571163978370684
SKU0013,2024-11-18,33.0,36.2125866118466
SKU0013,2024-11-25,36.0,33.31876086388035
SKU0013,2024-12-02,29.0,33.13932618953214
SKU0013,2024-12-09,32.0,32.84824515939494
SKU0013,2024-12-16,31.0,28.418890223088624
SKU0013,2024-12-23,38.0,36.42878585120909
SKU0014,2024-11-25,10.0,8.104373196248199
SKU0014,2024-12-02,48.0,41.902195276181075
SKU0014,2024-12-09,118.0,114.9254680756509
SKU0014,2024-12-16,147.0,154.43143530994578
SKU0014,2024-12-23,172.0,160.37101188722556
SKU0015,2024-10-07,234.0,241.08706584278144
SKU0015,2024-10-14,213.0,209.74445082044974
SKU0015,2024-10-21,365.0,389.6409938859909
SKU0015,2024-10-28,359.0,310.217116813117
SKU0015,2024-11-04,235.0,287.9067682426723
SKU0015,2024-11-11,230.0,210.2728775579371
SKU0015,2024-11-18,211.0,214.63438491173034
SKU0015,2024-11-25,215.0,214.7447507669701
SKU0015,2024-12-02,250.0,242.2134253897167
SKU0015,2024-12-09,260.0,267.0080818637529
SKU0015,2024-12-16,247.0,252.7099075485246
SKU0015,2024-12-23,248.0,261.8821575052566
SKU0017,2024-10-07,111.0,108.265188662552
SKU0017,2024-10-14,112.0,101.05374228735573
SKU0017,2024-10-21,190.0,192.66716175065434
SKU0017,2024-10-28,213.0,230.84473195440358
SKU0017,2024-11-04,122.0,125.70646902489909
SKU0017,2024-11-11,97.0,99.36662626757946
SKU0017,2024-11-18,104.0,109.77267890715295
SKU0017,2024-11-25,84.0,85.388591808635
SKU0017,2024-12-02,70.0,86.16126964420047
SKU0017,2024-12-09,85.0,73.37330460276955
SKU0017,2024-12-16,79.0,71.24340927334707
SKU0017,2024-12-23,91.0,84.4955230437441
SKU0018,2024-10-07,230.0,247.7820138011962
SKU0018,2024-10-14,343.0,262.423510714374
SKU0018,2024-10-21,535.0,595.393321768855
SKU0018,2024-10-28,731.7060000000056,672.3962070945169
SKU0018,2024-11-04,303.0,384.8850491540049
SKU0018,2024-11-11,278.0,278.203829014763
SKU0018,2024-11-18,250.0,216.4470908644016
SKU0018,2024-11-25,238.0,238.45405071488725
SKU0018,2024-12-02,209.0,206.80606018167668
SKU0018,2024-12-09,219.0,242.1344441351686
SKU0018,2024-12-16,279.0,269.2186403355365
SKU0018,2024-12-23,255.0,280.47331017964194
SKU0019,2024-10-07,79.0,82.77072054738338
SKU0019,2024-10-14,87.0,84.09966400635376
SKU0019,2024-10-21,177.0,171.56165756406045
SKU0019,2024-10-28,148.0,144.67746633104312
SKU0019,2024-11-04,108.0,124.56025818881733
SKU0019,2024-11-11,70.0,62.38372293798901
SKU0019,2024-11-18,74.0,83.78360184602306
SKU0019,2024-11-25,75.0,74.0481044820562
SKU0019,2024-12-02,63.0,62.988433873110814
SKU0019,2024-12-09,63.0,63.337457379952305
SKU0019,2024-12-16,71.0,67.21545306235808
SKU0019,2024-12-23,73.0,64.2785967454815
SKU0020,2024-11-04,36.0,37.58959543267954
SKU0020,2024-11-11,105.0,90.76708226810624
SKU0020,2024-11-18,155.0,158.11481859677482
SKU0020,2024-11-25,228.0,227.23905295862394
SKU0020,2024-12-02,245.0,248.43530019435363
SKU0020,2024-12-09,230.0,221.3939406823738
SKU0020,2024-12-16,241.0,270.06343051337444
SKU0020,2024-12-23,255.0,249.71034337537665
SKU0021,2024-10-14,4.0,1.1072619047619048
SKU0021,2024-10-21,59.0,49.343652842071734
SKU0021,2024-10-28,129.0,130.1442811320906
SKU0021,2024-11-04,106.0,109.99262307992505
SKU0021,2024-11-11,139.0,138.13648730048092
SKU0021,2024-11-18,159.0,146.22440798878498
SKU0021,2024-11-25,168.0,167.77085725799293
SKU0021,2024-12-02,168.0,147.88095569477866
SKU0021,2024-12-09,157.0,173.05020423295775
SKU0021,2024-12-16,159.0,160.52786886144108
SKU0021,2024-12-23,144.0,148.14925497716843
SKU0024,2024-10-07,22.0,23.370922610333647
SKU0024,2024-10-14,28.0,23.51952657307148
SKU0024,2024-10-21,36.0,39.971929237133416
SKU0024,2024-10-28,45.0,47.92116890877901
SKU0024,2024-11-04,24.0,24.0527056501972
SKU0024,2024-11-11,20.0,17.5555302584315
SKU0024,2024-11-18,23.0,23.3802332786466
SKU0024,2024-11-25,16.0,17.51347947588276
SKU0024,2024-12-02,17.0,17.710058053128833
SKU0024,2024-12-09,20.0,20.984697525194036
SKU0024,2024-12-16,21.0,20.068807573820838
SKU0024,2024-12-23,20.0,19.028470043171055
SKU0025,2024-10-07,15.0,15.254381046425154
SKU0025,2024-10-14,16.0,14.241991429374398
SKU0025,2024-10-21,31.0,32.74437602242568
SKU0025,2024-10-28,25.0,27.835742111261585
SKU0025,2024-11-04,15.0,16.472073458776116
SKU0025,2024-11-11,11.0,11.076108357499136
SKU0025,2024-11-18,14.0,13.358547382845085
SKU0025,2024-11-25,14.0,15.594254220881812
SKU0025,2024-12-02,10.0,10.907097662684262
SKU0025,2024-12-09,9.0,8.334545607551995
SKU0025,2024-12-16,11.0,10.9483288157681
SKU0025,2024-12-23,11.0,9.113680336462327
SKU0029,2024-10-07,77.0,69.46832548219864
SKU0029,2024-10-14,101.0,88.7848746595371
SKU0029,2024-10-21,171.0,163.8953548421584
SKU0029,2024-10-28,221.0,223.9995282262453
SKU0029,2024-11-04,130.0,144.4767821607816
SKU0029,2024-11-11,118.0,108.2627890510719
SKU0029,2024-11-18,100.0,108.00994999137329
SKU0029,2024-11-25,95.0,93.61011184880238
SKU0029,2024-12-02,127.0,130.4744225755968
SKU0029,2024-12-09,144.0,135.45363621813485
SKU0029,2024-12-16,137.0,136.70929281953025
SKU0029,2024-12-23,140.0,152.22250667792974
SKU0030,2024-10-07,517.0,517.4697492060905
SKU0030,2024-10-14,558.0,453.4447527108891
SKU0030,2024-10-21,552.0,652.3245596862631
SKU0030,2024-10-28,985.6981680000364,845.9715055901752
SKU0030,2024-11-04,563.0,607.8719821678735
SKU0030,2024-11-11,580.0,494.06129795369657
SKU0030,2024-11-18,507.0,527.3843276148689
SKU0030,2024-11-25,580.0,538.8580498252421
SKU0030,2024-12-02,596.0,524.695171411644
SKU0030,2024-12-09,571.0,532.5351547358873
SKU0030,2024-12-16,599.0,530.0505318970592
SKU0030,2024-12-23,628.0,654.9214367976034
SKU0031,2024-10-07,123.0,126.09452178629306
SKU0031,2024-10-14,139.0,128.13378280467307
SKU0031,2024-10-21,265.0,270.5621777377573
SKU0031,2024-10-28,255.0,266.46516473688575
SKU0031,2024-11-04,123.0,143.61947696638634
SKU0031,2024-11-11,107.0,107.9874724839214
SKU0031,2024-11-18,90.0,98.60823423058906
SKU0031,2024-11-25,107.0,99.51599925688858
SKU0031,2024-12-02,82.0,90.71879492809694
SKU0031,2024-12-09,98.0,98.5135199675318
SKU0031,2024-12-16,82.0,69.7389552505454
SKU0031,2024-12-23,86.0,82.28509960478478
SKU0032,2024-11-25,16.0,10.282163366861898
SKU0032,2024-12-02,73.0,71.16155691759683
SKU0032,2024-12-09,141.0,138.4491886509696
SKU0032,2024-12-16,211.0,215.51534866961782
SKU0032,2024-12-23,292.0,298.85897461329967
SKU0033,2024-11-18,18.0,17.84649278499278
SKU0033,2024-11-25,53.0,52.64925955544289
SKU0033,2024-12-02,72.0,72.28789717807004
SKU0033,2024-12-09,112.0,113.58877473839195
SKU0033,2024-12-16,137.0,129.793508320405
SKU0033,2024-12-23,146.0,152.45428142174308
SKU0034,2024-10-07,60.0,67.23564220796058
SKU0034,2024-10-14,61.0,57.04629021921961
SKU0034,2024-10-21,83.0,83.76860116489752
SKU0034,2024-10-28,103.0,101.69405690648026
SKU0034,2024-11-04,67.0,67.20333133025593
SKU0034,2024-11-11,62.0,65.3680995710817
SKU0034,2024-11-18,69.0,67.41602714749423
SKU0034,2024-11-25,67.0,67.1139480443003
SKU0034,2024-12-02,69.0,68.61648500665665
SKU0034,2024-12-09,67.0,68.44352720813824
SKU0034,2024-12-16,78.0,66.0877855147142
SKU0034,2024-12-23,62.0,65.52030965603448
SKU0037,2024-10-07,82.0,98.75187192073652
SKU0037,2024-10-14,106.0,81.89773285263529
SKU0037,2024-10-21,186.0,200.07973688626709
SKU0037,2024-10-28,185.0,191.662779122732
SKU0037,2024-11-04,114.0,124.98597893624142
SKU0037,2024-11-11,98.0,99.11295477827689
SKU0037,2024-11-18,102.0,100.15940192782833
SKU0037,2024-11-25,104.0,102.97424956171763
SKU0037,2024-12-02,107.0,113.0674165553044
SKU0037,2024-12-09,108.0,102.76935056794765
SKU0037,2024-12-16,107.0,110.94838717245693
SKU0037,2024-12-23,115.0,117.99352581476198
SKU0038,2024-10-07,234.0,222.28652905311034
SKU0038,2024-10-14,257.0,208.86800628463945
SKU0038,2024-10-21,361.0,388.87791156457587
SKU0038,2024-10-28,403.0,405.90959558885913
SKU0038,2024-11-04,276.0,302.128449009621
SKU0038,2024-11-11,208.0,208.5274945124868
SKU0038,2024-11-18,180.0,199.66830534645678
SKU0038,2024-11-25,225.0,230.1039275902436
SKU0038,2024-12-02,199.0,190.81892654745502
SKU0038,2024-12-09,167.0,167.1904927578404
SKU0038,2024-12-16,191.0,201.42083155831645
SKU0038,2024-12-23,221.0,225.0737561733951
SKU0039,2024-10-07,75.0,78.28840108048941
SKU0039,2024-10-14,93.0,69.45461918385666
SKU0039,2024-10-21,149.0,161.18974649525057
SKU0039,2024-10-28,185.0,156.41823683353377
SKU0039,2024-11-04,123.0,137.59927307150653
SKU0039,2024-11-11,85.0,88.3460539466991
SKU0039,2024-11-18,97.0,93.18759072853794
SKU0039,2024-11-25,96.0,99.58603992053155
SKU0039,2024-12-02,85.0,86.3942620852466
SKU0039,2024-12-09,76.0,80.74529577134764
SKU0039,2024-12-16,77.0,67.09602436511656
SKU0039,2024-12-23,100.0,92.24423686726698
SKU0040,2024-11-18,3.0,7.883081199029731
SKU0040,2024-11-25,14.0,13.825289602890557
SKU0040,2024-12-02,21.0,20.759599642888258
SKU0040,2024-12-09,28.0,26.788917124808187
SKU0040,2024-12-16,42.0,40.4151421173372
SKU0040,2024-12-23,42.0,41.87922958576723
SKU0042,2024-10-07,300.0,291.5247777285647
SKU0042,2024-10-14,327.0,296.4248770055362
SKU0042,2024-10-21,616.0,591.8009850325958
SKU0042,2024-10-28,470.0,464.9323852165968
SKU0042,2024-11-04,386.0,414.01014756085664
SKU0042,2024-11-11,301.0,312.2091022269049
SKU0042,2024-11-18,294.0,293.002574121365
SKU0042,2024-11-25,276.0,268.19341118741954
SKU0042,2024-12-02,237.0,257.3687769431015
SKU0042,2024-12-09,284.0,262.7119475834881
SKU0042,2024-12-16,243.0,285.25117990687124
SKU0042,2024-12-23,283.0,270.1704351963399
SKU0045,2024-10-07,337.0,346.5827190836759
SKU0045,2024-10-14,369.0,345.03721078174306
SKU0045,2024-10-21,555.0,573.2452179051692
SKU0045,2024-10-28,615.0,604.3782641676659
SKU0045,2024-11-04,343.0,344.9429986783218
SKU0045,2024-11-11,343.0,324.24685794955695
SKU0045,2024-11-18,279.0,330.1825860115554
SKU0045,2024-11-25,345.0,309.9576258914564
SKU0045,2024-12-02,308.0,302.5514116398573
SKU0045,2024-12-09,291.0,303.62638792880034
SKU0045,2024-12-16,297.0,304.37352637907276
SKU0045,2024-12-23,329.0,354.1285233039551
SKU0046,2024-10-07,363.0,385.06186845901925
SKU0046,2024-10-14,420.0,377.0806042474704
SKU0046,2024-10-21,638.0,576.6998306598025
SKU0046,2024-10-28,776.0,822.31027315245
SKU0046,2024-11-04,324.0,325.8921792677392
SKU0046,2024-11-11,380.0,407.7438445649206
SKU0046,2024-11-18,387.0,359.28988249042527
SKU0046,2024-11-25,454.0,450.510819352977
SKU0046,2024-12-02,338.0,359.84593206090506
SKU0046,2024-12-09,355.0,353.6507208439143
SKU0046,2024-12-16,354.0,346.6869336136408
SKU0046,2024-12-23,401.0,407.52399857713556
SKU0048,2024-12-16,0.0,0.666515873015873
SKU0048,2024-12-23,1.0,1.2470158730158727
SKU0049,2024-10-07,98.0,95.06333625755998
SKU0049,2024-10-14,103.0,87.18925435448567
SKU0049,2024-10-21,172.0,171.4080698918103
SKU0049,2024-10-28,198.0,198.23284971127327
SKU0049,2024-11-04,118.0,141.86765744031433
SKU0049,2024-11-11,87.0,85.74364201626395
SKU0049,2024-11-18,95.0,98.9678709552112
SKU0049,2024-11-25,98.0,90.64536973572176
SKU0049,2024-12-02,116.0,107.9961131080381
SKU0049,2024-12-09,130.0,133.00471600357815
SKU0049,2024-12-16,144.0,149.37240733791464
SKU0049,2024-12-23,135.0,151.47793096835082
SKU0050,2024-10-07,14.0,17.019365294625615
SKU0050,2024-10-14,20.0,18.89957252205826
SKU0050,2024-10-21,27.0,28.403896628321306
SKU0050,2024-10-28,33.0,32.0259991885252
SKU0050,2024-11-04,16.0,18.002003509584434
SKU0050,2024-11-11,16.0,15.502936761226788
SKU0050,2024-11-18,17.0,17.72462986006941
SKU0050,2024-11-25,16.0,18.89831994580113
SKU0050,2024-12-02,16.0,15.16430769095066
SKU0050,2024-12-09,15.0,16.765603585761113
SKU0050,2024-12-16,12.0,11.11190611818468
SKU0050,2024-12-23,17.0,16.86996769945497
SKU0051,2024-12-09,5.0,5.830910492528915
SKU0051,2024-12-16,58.0,51.267354853476625
SKU0051,2024-12-23,120.0,120.2939688304467
SKU0052,2024-10-07,230.0,221.69195121597218
SKU0052,2024-10-14,291.0,270.52938420987687
SKU0052,2024-10-21,450.0,456.3909710189543
SKU0052,2024-10-28,434.0,439.48215331552655
SKU0052,2024-11-04,305.0,329.16626374440085
SKU0052,2024-11-11,221.0,219.3747623871717
SKU0052,2024-11-18,250.0,244.52189458078686
SKU0052,2024-11-25,246.0,245.72677201829526
SKU0052,2024-12-02,232.0,244.65748222815986
SKU0052,2024-12-09,216.0,216.65288936832462
SKU0052,2024-12-16,235.0,219.0107477507575
SKU0052,2024-12-23,274.0,292.58970376821844
SKU0053,2024-10-07,147.0,162.27046495060725
SKU0053,2024-10-14,190.0,161.9798122902852
SKU0053,2024-10-21,355.0,385.0847502524979
SKU0053,2024-10-28,358.0,323.69572119304433
SKU0053,2024-11-04,180.0,207.5975546485148
SKU0053,2024-11-11,123.0,124.01319885846266
SKU0053,2024-11-18,146.0,149.46380567762816
SKU0053,2024-11-25,136.0,143.07517943403238
SKU0053,2024-12-02,102.0,97.67825218156572
SKU0053,2024-12-09,93.0,108.7803402813497
SKU0053,2024-12-16,107.0,97.66864121485561
SKU0053,2024-12-23,101.0,109.00860289427368
SKU0055,2024-10-07,2.0,1.6573928571428573
SKU0055,2024-10-14,8.0,5.924660360619134
SKU0055,2024-10-21,12.0,13.533168918742232
SKU0055,2024-10-28,16.0,17.011638290606783
SKU0055,2024-11-04,12.0,14.384735016811367
SKU0055,2024-11-11,10.0,9.626547017611918
SKU0055,2024-11-18,10.0,8.805560888357919
SKU0055,2024-11-25,9.0,9.609171489817273
SKU0055,2024-12-02,9.0,8.598014685869252
SKU0055,2024-12-09,10.0,9.256512562954468
SKU0055,2024-12-16,7.0,7.5081852081877845
SKU0055,2024-12-23,9.0,8.47156006933558
SKU0056,2024-10-07,170.0,183.99509631045163
SKU0056,2024-10-14,198.0,179.5756755465025
SKU0056,2024-10-21,471.0,429.3907504786403
SKU0056,2024-10-28,481.0,556.61453616422
SKU0056,2024-11-04,249.0,258.75336078214275
SKU0056,2024-11-11,169.0,176.67080421068934
SKU0056,2024-11-18,191.0,192.97793964726694
SKU0056,2024-11-25,189.0,188.2016767185746
SKU0056,2024-12-02,168.0,163.15844915407885
SKU0056,2024-12-09,176.0,191.38816359030895
SKU0056,2024-12-16,185.0,198.53513816454736
SKU0056,2024-12-23,157.0,166.18934075487266
SKU0057,2024-10-07,21.0,15.675845238095244
SKU0057,2024-10-14,122.0,88.61386094599919
SKU0057,2024-10-21,390.0,407.0588652974552
SKU0057,2024-10-28,545.0,500.5638071825959
SKU0057,2024-11-04,390.0,397.2575066225984
SKU0057,2024-11-11,357.0,350.27132089566163
SKU0057,2024-11-18,388.0,411.89664339480555
SKU0057,2024-11-25,324.0,320.73684445020996
SKU0057,2024-12-02,316.0,342.140946962998
SKU0057,2024-12-09,345.0,372.32931786303607
SKU0057,2024-12-16,300.0,283.80781761764405
SKU0057,2024-12-23,380.0,413.40458045048763
SKU0058,2024-10-07,236.0,178.29318169271198
SKU0058,2024-10-14,283.0,260.898575007032
SKU0058,2024-10-21,377.0,401.29498699089766
SKU0058,2024-10-28,408.0,431.22082599460316
SKU0058,2024-11-04,285.0,275.9677878415687
SKU0058,2024-11-11,289.0,282.1091142271548
SKU0058,2024-11-18,254.0,246.85568771037902
SKU0058,2024-11-25,231.0,240.69424961370612
SKU0058,2024-12-02,287.0,306.6154954459074
SKU0058,2024-12-09,319.0,325.50777430940695
SKU0058,2024-12-16,242.0,250.54036766345283
SKU0058,2024-12-23,331.0,288.07065678608217
SKU0059,2024-10-07,114.0,112.58093137281348
SKU0059,2024-10-14,139.0,118.6063911410076
SKU0059,2024-10-21,207.0,230.98513690186718
SKU0059,2024-10-28,236.0,266.64218628885567
SKU0059,2024-11-04,121.0,113.61846103905152
SKU0059,2024-11-11,93.0,106.37064766794227
SKU0059,2024-11-18,102.0,94.5001935159099
SKU0059,2024-11-25,100.0,99.30924642550845
SKU0059,2024-12-02,75.0,86.04359637922533
SKU0059,2024-12-09,108.0,100.17293691313407
SKU0059,2024-12-16,111.0,109.46678636447099
SKU0059,2024-12-23,106.0,109.38276702245949
SKU0061,2024-12-16,23.0,25.773745937836875
SKU0061,2024-12-23,18.0,21.60950989528135
SKU0062,2024-11-18,5.0,7.851982009949115
SKU0062,2024-11-25,25.0,22.478056118368617
SKU0062,2024-12-02,46.0,44.29007574787499
SKU0062,2024-12-09,66.0,69.97887838773127
SKU0062,2024-12-16,93.0,85.4641738670188
SKU0062,2024-12-23,97.0,91.30300773360709
SKU0064,2024-10-14,3.0,1.2382619047619048
SKU0064,2024-10-21,75.0,60.64961310828449
SKU0064,2024-10-28,187.0,209.20235740542682
SKU0064,2024-11-04,181.0,164.8427236118293
SKU0064,2024-11-11,196.0,191.98941968911913
SKU0064,2024-11-18,249.0,245.8799086967141
SKU0064,2024-11-25,222.0,217.5461506928605
SKU0064,2024-12-02,201.0,218.54974455429806
SKU0064,2024-12-09,202.0,191.6328636042347
SKU0064,2024-12-16,213.0,223.1524636680234
SKU0064,2024-12-23,222.0,217.680024438837
SKU0065,2024-12-02,2.0,11.722636662795201
SKU0065,2024-12-09,12.0,8.9328074574714
SKU0065,2024-12-16,18.0,20.82877016559507
SKU0065,2024-12-23,28.0,23.05115733498212
SKU0066,2024-12-02,2.0,7.636634229332758
SKU0066,2024-12-09,6.0,6.733635040419848
SKU0066,2024-12-16,15.0,15.625860327313287
SKU0066,2024-12-23,16.0,17.209714771815797
SKU0067,2024-10-07,9.0,14.006429292929289
SKU0067,2024-10-14,28.0,25.89921775828541
SKU0067,2024-10-21,63.0,67.34835907002595
SKU0067,2024-10-28,107.0,102.10070457807929
SKU0067,2024-11-04,79.0,86.16692765648082
SKU0067,2024-11-11,84.0,85.6829506560808
SKU0067,2024-11-18,75.0,71.48628109453402
SKU0067,2024-11-25,89.0,86.27276537728908
SKU0067,2024-12-02,66.0,74.1198533326276
SKU0067,2024-12-09,65.0,55.7812853725031
SKU0067,2024-12-16,73.0,71.96553440406005
SKU0067,2024-12-23,83.0,79.363819091407
SKU0070,2024-10-07,88.0,90.32196450539772
SKU0070,2024-10-14,104.0,89.88014105507324
SKU0070,2024-10-21,144.0,156.96020620564565
SKU0070,2024-10-28,185.0,181.94033264565414
SKU0070,2024-11-04,130.0,146.77385863381477
SKU0070,2024-11-11,99.0,100.77204963515878
SKU0070,2024-11-18,110.0,109.55625396333024
SKU0070,2024-11-25,120.0,117.19545093728469
SKU0070,2024-12-02,140.0,146.89470650913287
SKU0070,2024-12-09,133.0,131.79003095941601
SKU0070,2024-12-16,131.0,137.93559875734377
SKU0070,2024-12-23,163.0,159.3379471319355
SKU0072,2024-10-07,34.0,33.302049729058815
SKU0072,2024-10-14,46.0,41.19274081006244
SKU0072,2024-10-21,54.0,58.019945556863576
SKU0072,2024-10-28,69.0,70.40872108846096
SKU0072,2024-11-04,50.0,47.20567952337393
SKU0072,2024-11-11,43.0,42.3544920981379
SKU0072,2024-11-18,49.0,51.950424788579866
SKU0072,2024-11-25,43.0,41.468041701583196
SKU0072,2024-12-02,51.0,50.28656612375636
SKU0072,2024-12-09,55.0,57.187290240003094
SKU0072,2024-12-16,50.0,44.85185456659058
SKU0072,2024-12-23,59.0,58.56620884827908
SKU0073,2024-10-07,21.0,20.77183012783586
SKU0073,2024-10-14,32.0,24.251975263382324
SKU0073,2024-10-21,42.0,55.63119887556673
SKU0073,2024-10-28,65.0,72.01941124605679
SKU0073,2024-11-04,34.0,35.96564977579498
SKU0073,2024-11-11,25.0,24.255351048107727
SKU0073,2024-11-18,29.0,27.568092841588076
SKU0073,2024-11-25,24.0,27.040912666344838
SKU0073,2024-12-02,27.0,23.740876494760272
SKU0073,2024-12-09,28.0,26.863256686963663
SKU0073,2024-12-16,29.0,29.972738561486516
SKU0073,2024-12-23,33.0,32.149616301717444
SKU0074,2024-10-07,17.0,16.454456976414097
SKU0074,2024-10-14,18.0,17.210627391636276
SKU0074,2024-10-21,36.0,36.29765574906343
SKU0074,2024-10-28,30.0,31.73396760836009
SKU0074,2024-11-04,19.0,20.78705142557229
SKU0074,2024-11-11,16.0,16.575068311680113
SKU0074,2024-11-18,16.0,15.30696515946254
SKU0074,2024-11-25,17.0,17.525820948899444
SKU0074,2024-12-02,14.0,14.956245424177293
SKU0074,2024-12-09,14.0,14.106308629366573
SKU0074,2024-12-16,12.0,11.172031991856766
SKU0074,2024-12-23,14.0,13.016645196274133
SKU0075,2024-10-07,238.0,216.7498993014126
SKU0075,2024-10-14,313.0,253.8973200790229
SKU0075,2024-10-21,402.0,441.94191542614664
SKU0075,2024-10-28,428.0,439.0122932502956
SKU0075,2024-11-04,249.0,272.6392549028216
SKU0075,2024-11-11,227.0,214.30665117127398
SKU0075,2024-11-18,215.0,214.9575615857789
SKU0075,2024-11-25,225.0,215.5511196760964
SKU0075,2024-12-02,190.0,212.7895274974357
SKU0075,2024-12-09,164.0,158.94497194941113
SKU0075,2024-12-16,170.0,164.7929445195328
SKU0075,2024-12-23,174.0,203.9888409561974
SKU0076,2024-10-07,36.0,39.07752506258682
SKU0076,2024-10-14,87.0,74.79540258135137
SKU0076,2024-10-21,144.0,137.93260430210347
SKU0076,2024-10-28,221.0,234.55253495316433
SKU0076,2024-11-04,129.0,128.23922396367092
SKU0076,2024-11-11,120.0,125.82943195009015
SKU0076,2024-11-18,116.0,118.17120770067685
SKU0076,2024-11-25,104.0,118.62545240520296
SKU0076,2024-12-02,123.0,107.29920176366099
SKU0076,2024-12-09,100.0,110.1399058453894
SKU0076,2024-12-16,98.0,110.70611522123599
SKU0076,2024-12-23,110.0,100.50503032170482
SKU0077,2024-10-07,125.0,115.27425444650082
SKU0077,2024-10-14,146.0,112.87211835619046
SKU0077,2024-10-21,188.0,227.53769005014613
SKU0077,2024-10-28,220.0,216.8840957984068
SKU0077,2024-11-04,125.0,144.6443121662822
SKU0077,2024-11-11,117.0,115.8221856356912
SKU0077,2024-11-18,134.0,126.88546442573947
SKU0077,2024-11-25,122.0,133.61667840161599
SKU0077,2024-12-02,105.0,97.09220398476695
SKU0077,2024-12-09,118.0,113.29218289674449
SKU0077,2024-12-16,117.0,133.29166970115506
SKU0077,2024-12-23,154.0,148.33014181359655
SKU0078,2024-10-07,45.0,40.15408096933695
SKU0078,2024-10-14,103.0,91.82558055853588
SKU0078,2024-10-21,214.0,220.36009164046246
SKU0078,2024-10-28,287.0,296.029130333842
SKU0078,2024-11-04,208.0,215.2650899705013
SKU0078,2024-11-11,171.0,166.642067490335
SKU0078,2024-11-18,180.0,174.76275185787875
SKU0078,2024-11-25,166.0,186.20181291081428
SKU0078,2024-12-02,151.0,159.52634334196836
SKU0078,2024-12-09,174.0,185.26703303019673
SKU0078,2024-12-16,165.0,193.31557832236533
SKU0078,2024-12-23,173.0,191.60084642208508
SKU0079,2024-10-07,94.0,94.45048994326154
SKU0079,2024-10-14,108.0,99.02987780754715
SKU0079,2024-10-21,159.0,167.2642829951765
SKU0079,2024-10-28,163.0,167.30726263649714
SKU0079,2024-11-04,102.0,106.77309139408639
SKU0079,2024-11-11,77.0,78.5809432655235
SKU0079,2024-11-18,82.0,85.31355231214657
SKU0079,2024-11-25,83.0,85.95903781579858
SKU0079,2024-12-02,69.0,65.66645642612231
SKU0079,2024-12-09,71.0,71.76666938824002
SKU0079,2024-12-16,67.0,66.37132375866392
SKU0079,2024-12-23,76.0,70.28589153987329
SKU0080,2024-11-11,0.0,14.504930615680612
SKU0080,2024-11-18,0.0,1.7979902597402593
SKU0080,2024-11-25,5.0,2.7643791486291485
SKU0080,2024-12-02,8.0,6.684430662317388
SKU0080,2024-12-09,12.0,13.184762834270428
SKU0080,2024-12-16,12.0,12.257479429159048
SKU0080,2024-12-23,11.0,10.90027800978443
SKU0081,2024-10-07,244.0,250.84375941627093
SKU0081,2024-10-14,302.0,273.0089002902276
SKU0081,2024-10-21,425.0,421.8659426159527
SKU0081,2024-10-28,471.0,445.03035409515326
SKU0081,2024-11-04,266.0,307.73254837321
SKU0081,2024-11-11,235.0,234.2407719606368
SKU0081,2024-11-18,254.0,241.0975382070844
SKU0081,2024-11-25,251.0,246.8089431410603
SKU0081,2024-12-02,258.0,278.58614493913996
SKU0081,2024-12-09,252.0,250.68498232590412
SKU0081,2024-12-16,256.0,255.2910930241593
SKU0081,2024-12-23,261.0,276.260411179601
SKU0082,2024-11-11,12.0,16.137750721500723
SKU0082,2024-11-18,46.0,45.40936221370231
SKU0082,2024-11-25,85.0,81.44990824324111
SKU0082,2024-12-02,140.0,130.49029159673984
SKU0082,2024-12-09,175.0,173.67265500591694
SKU0082,2024-12-16,159.0,172.68337022070617
SKU0082,2024-12-23,166.0,156.49716588570448
SKU0083,2024-12-02,1.0,0.1764047619047619
SKU0083,2024-12-09,39.0,31.128984134902762
SKU0083,2024-12-16,79.0,72.8505173047377
SKU0083,2024-12-23,124.0,119.86495829580403
SKU0084,2024-10-07,51.0,51.354968965784195
SKU0084,2024-10-14,60.0,51.38914965359175
SKU0084,2024-10-21,75.0,84.55858668945922
SKU0084,2024-10-28,83.0,85.0663308786463
SKU0084,2024-11-04,56.0,61.84097797088254
SKU0084,2024-11-11,58.0,59.20786676756839
SKU0084,2024-11-18,59.0,57.04217411667673
SKU0084,2024-11-25,52.0,55.26753644353574
SKU0084,2024-12-02,58.0,59.50468137674866
SKU0084,2024-12-09,58.0,57.987859424093976
SKU0084,2024-12-16,56.0,57.59444338249181
SKU0084,2024-12-23,53.0,49.821752048002665
SKU0085,2024-10-07,126.0,130.92420493494544
SKU0085,2024-10-14,167.0,128.00050836966918
SKU0085,2024-10-21,304.0,317.6736173148009
SKU0085,2024-10-28,255.0,235.22042868823024
SKU0085,2024-11-04,183.0,233.42321442489825
SKU0085,2024-11-11,152.0,129.2328864602009
SKU0085,2024-11-18,149.0,147.15120879695405
SKU0085,2024-11-25,152.0,162.75946163222636
SKU0085,2024-12-02,141.0,147.91256460961753
SKU0085,2024-12-09,140.0,151.5854766433835
SKU0085,2024-12-16,140.0,152.16188372415928
SKU0085,2024-12-23,153.0,150.52318141436368
SKU0086,2024-10-07,284.0,279.1664200451438
SKU0086,2024-10-14,361.0,316.0636751169884
SKU0086,2024-10-21,544.0,593.6220964527214
SKU0086,2024-10-28,560.0,563.9339722740757
SKU0086,2024-11-04,420.0,418.94726852559216
SKU0086,2024-11-11,330.0,339.70619297701296
SKU0086,2024-11-18,360.0,350.5298154619185
SKU0086,2024-11-25,313.0,324.82546658234696
SKU0086,2024-12-02,363.0,368.0209037097768
SKU0086,2024-12-09,325.0,332.95816697488357
SKU0086,2024-12-16,354.0,370.4017695340255
SKU0086,2024-12-23,411.0,385.1773519609371
SKU0087,2024-10-07,74.0,72.2589438768911
SKU0087,2024-10-14,95.0,81.92357193043321
SKU0087,2024-10-21,156.0,162.79734629587992
SKU0087,2024-10-28,154.0,158.74918500469352
SKU0087,2024-11-04,110.0,114.22228693966179
SKU0087,2024-11-11,88.0,94.78912362924638
SKU0087,2024-11-18,87.0,84.46513596357887
SKU0087,2024-11-25,99.0,91.43929254458708
SKU0087,2024-12-02,93.0,93.69482030161811
SKU0087,2024-12-09,102.0,109.34430427871737
SKU0087,2024-12-16,105.0,109.86404141537416
SKU0087,2024-12-23,114.0,111.57258097344655
SKU0088,2024-10-07,176.0,215.0744490737405
SKU0088,2024-10-14,271.0,178.29925771632298
SKU0088,2024-10-21,383.0,400.56321847259443
SKU0088,2024-10-28,400.0,406.3219707235093
SKU0088,2024-11-04,227.0,257.48254032051045
SKU0088,2024-11-11,222.0,214.11039830398062
SKU0088,2024-11-18,235.0,243.00662769217084
SKU0088,2024-11-25,221.0,215.63359619424284
SKU0088,2024-12-02,240.0,224.6275609191676
SKU0088,2024-12-09,269.0,268.1360365114017
SKU0088,2024-12-16,250.0,260.07135208948546
SKU0088,2024-12-23,264.0,279.81869742024554
SKU0089,2024-10-14,34.0,24.186335297041104
SKU0089,2024-10-21,188.0,169.6643926128828
SKU0089,2024-10-28,279.0,319.14908594829825
SKU0089,2024-11-04,197.0,210.10955353082795
SKU0089,2024-11-11,182.0,150.2631668975591
SKU0089,2024-11-18,167.0,182.24023603682141
SKU0089,2024-11-25,175.0,181.78486104108822
SKU0089,2024-12-02,142.0,147.25532211407065
SKU0089,2024-12-09,138.0,132.43984257906746
SKU0089,2024-12-16,163.0,166.6692616507972
SKU0089,2024-12-23,147.0,163.21919420714195
SKU0090,2024-11-25,27.0,26.824696036235668
SKU0090,2024-12-02,70.0,60.8005416683465
SKU0090,2024-12-09,132.0,134.90881362152882
SKU0090,2024-12-16,185.0,157.6889546605257
SKU0090,2024-12-23,211.0,221.19378653979373
SKU0091,2024-10-07,299.0,300.79053119201046
SKU0091,2024-10-14,294.0,268.35094589123815
SKU0091,2024-10-21,619.0,607.0041440040262
SKU0091,2024-10-28,599.0,614.8656552063057
SKU0091,2024-11-04,254.0,270.0353024110472
SKU0091,2024-11-11,249.0,238.1670852976983
SKU0091,2024-11-18,293.0,282.2596743856089
SKU0091,2024-11-25,261.0,260.3158123812704
SKU0091,2024-12-02,295.0,284.0473670089412
SKU0091,2024-12-09,269.0,265.5082650750405
SKU0091,2024-12-16,286.0,310.75361177288306
SKU0091,2024-12-23,324.0,326.93097973106745
SKU0092,2024-10-07,70.0,69.30136167445463
SKU0092,2024-10-14,82.0,77.12622135074841
SKU0092,2024-10-21,116.0,113.14738405764234
SKU0092,2024-10-28,132.0,155.52584656356112
SKU0092,2024-11-04,78.0,86.5222799401294
SKU0092,2024-11-11,85.0,82.5663169752733
SKU0092,2024-11-18,91.0,90.85406624466363
SKU0092,2024-11-25,88.0,85.1948692962122
SKU0092,2024-12-02,109.0,120.58117773098164
SKU0092,2024-12-09,99.0,93.25171832446614
SKU0092,2024-12-16,101.0,108.54106488442409
SKU0092,2024-12-23,113.0,108.70409924137559
SKU0094,2024-10-07,112.0,107.72949581496397
SKU0094,2024-10-14,168.0,130.62633064933436
SKU0094,2024-10-21,263.0,292.4143030612594
SKU0094,2024-10-28,273.0,242.813108876502
SKU0094,2024-11-04,160.0,208.499856932155
SKU0094,2024-11-11,124.0,123.85967731618823
SKU0094,2024-11-18,124.0,118.54880454126723
SKU0094,2024-11-25,127.0,130.52478284880394
SKU0094,2024-12-02,127.0,126.90218207351292
SKU0094,2024-12-09,128.0,128.04987457937182
SKU0094,2024-12-16,124.0,115.78985159901698
SKU0094,2024-12-23,169.0,194.27262648829878
SKU0095,2024-10-07,289.0,278.39875198671666
SKU0095,2024-10-14,326.0,275.5056494783371
SKU0095,2024-10-21,562.0,569.9066275119841
SKU0095,2024-10-28,580.0,573.5181793254806
SKU0095,2024-11-04,289.0,363.5131379859324
SKU0095,2024-11-11,223.0,203.9853328464856
SKU0095,2024-11-18,270.0,271.6645798936411
SKU0095,2024-11-25,287.0,281.09559635222126
SKU0095,2024-12-02,248.0,260.1417951359263
SKU0095,2024-12-09,232.0,241.19852729869555
SKU0095,2024-12-16,218.0,216.54995315157262
SKU0095,2024-12-23,256.0,252.27981616260712
SKU0096,2024-10-07,12.0,12.999341985097628
SKU0096,2024-10-14,15.0,13.098546792370119
SKU0096,2024-10-21,21.0,20.210702211656823
SKU0096,2024-10-28,21.0,18.149364775547916
SKU0096,2024-11-04,16.0,18.470238308424065
SKU0096,2024-11-11,13.0,12.817847218681965
SKU0096,2024-11-18,14.0,13.096734576666144
SKU0096,2024-11-25,15.0,16.78593571322708
SKU0096,2024-12-02,14.0,14.164133142572668
SKU0096,2024-12-09,16.0,16.54430093674563
SKU0096,2024-12-16,13.0,12.985843432248688
SKU0096,2024-12-23,19.0,18.96264276934661
SKU0097,2024-10-07,125.0,131.55368036296395
SKU0097,2024-10-14,170.0,135.04990205559932
SKU0097,2024-10-21,311.0,320.25314511475045
SKU0097,2024-10-28,299.0,300.54502067592944
SKU0097,2024-11-04,186.0,211.97779239422678
SKU0097,2024-11-11,127.0,128.15348751688205
SKU0097,2024-11-18,146.0,118.24577415645926
SKU0097,2024-11-25,145.0,161.08888823398425
SKU0097,2024-12-02,140.0,146.2178556424665
SKU0097,2024-12-09,141.0,133.2135938018606
SKU0097,2024-12-16,145.0,135.02287589235576
SKU0097,2024-12-23,163.0,165.97063955619632
SKU0098,2024-10-07,209.0,194.25154889797253
SKU0098,2024-10-14,253.0,213.90385725698695
SKU0098,2024-10-21,373.0,410.2248526786916
SKU0098,2024-10-28,362.0,369.8359080380204
SKU0098,2024-11-04,242.0,249.0275316500117
SKU0098,2024-11-11,205.0,208.7603312266788
SKU0098,2024-11-18,197.0,193.06373471692876
SKU0098,2024-11-25,199.0,209.73005600888894
SKU0098,2024-12-02,199.0,189.37639033050837
SKU0098,2024-12-09,183.0,202.00433546298333
SKU0098,2024-12-16,209.0,205.53975046079142
SKU0098,2024-12-23,245.0,249.7589648956572
SKU0099,2024-10-07,32.0,31.043545587932496
SKU0099,2024-10-14,34.0,33.20355870081632
SKU0099,2024-10-21,63.0,53.01891842533927
SKU0099,2024-10-28,67.0,69.98307323894288
SKU0099,2024-11-04,34.0,41.28473258308027
SKU0099,2024-11-11,33.0,33.27967450248023
SKU0099,2024-11-18,22.0,23.71236525861361
SKU0099,2024-11-25,34.0,32.208223548061824
SKU0099,2024-12-02,27.0,26.733099050061114
SKU0099,2024-12-09,31.0,33.11767631843091
SKU0099,2024-12-16,29.0,31.498522945999476
SKU0099,2024-12-23,22.0,22.194318842122843
SKU0100,2024-12-02,25.0,25.53314201705665
SKU0100,2024-12-09,56.0,47.72899731418518
SKU0100,2024-12-16,116.0,115.56262133744497
SKU0100,2024-12-23,153.0,150.61423512060037
SKU0101,2024-11-04,1.0,0.8015873015873014
SKU0101,2024-11-11,10.0,8.903291586581911
SKU0101,2024-11-18,27.0,24.810474907372413
SKU0101,2024-11-25,40.0,41.20291598988133
SKU0101,2024-12-02,63.0,61.44625047834217
SKU0101,2024-12-09,57.0,60.67865776376132
SKU0101,2024-12-16,71.0,63.37235174023289
SKU0101,2024-12-23,72.0,66.22682163560101
SKU0102,2024-10-07,66.0,63.91489381943426
SKU0102,2024-10-14,69.0,63.42574169849027
SKU0102,2024-10-21,146.0,133.02391480655527
SKU0102,2024-10-28,156.0,181.0676931312565
SKU0102,2024-11-04,79.0,83.40213478210804
SKU0102,2024-11-11,66.0,66.46514442232966
SKU0102,2024-11-18,65.0,64.25675981531842
SKU0102,2024-11-25,68.0,72.59238596280734
SKU0102,2024-12-02,61.0,63.772807517168296
SKU0102,2024-12-09,55.0,51.516213668557654
SKU0102,2024-12-16,62.0,64.61041181715177
SKU0102,2024-12-23,73.0,66.37241518921735
SKU0103,2024-10-28,23.0,13.815406527682839
SKU0103,2024-11-04,49.0,49.95956241839558
SKU0103,2024-11-11,93.0,90.82062671307438
SKU0103,2024-11-18,136.0,132.46284219125778
SKU0103,2024-11-25,193.0,193.22079554643773
SKU0103,2024-12-02,165.0,162.2003922281273
SKU0103,2024-12-09,150.0,156.84511904408205
SKU0103,2024-12-16,157.0,158.62333282815243
SKU0103,2024-12-23,176.0,159.31223801912182
SKU0104,2024-10-07,54.0,48.70097663787763
SKU0104,2024-10-14,55.0,51.24634843896797
SKU0104,2024-10-21,85.0,93.0929797335838
SKU0104,2024-10-28,100.0,99.74173931072724
SKU0104,2024-11-04,57.0,65.7344837468441
SKU0104,2024-11-11,50.0,49.973875260624055
SKU0104,2024-11-18,43.0,46.35129037933769
SKU0104,2024-11-25,52.0,53.26755191760162
SKU0104,2024-12-02,53.0,46.474301919014664
SKU0104,2024-12-09,57.0,57.78127105007827
SKU0104,2024-12-16,50.0,49.80137691579401
SKU0104,2024-12-23,58.0,57.88420142963756
SKU0105,2024-12-23,1.0,2.7214244449507614
SKU0106,2024-10-07,202.0,211.9168723206692
SKU0106,2024-10-14,317.0,218.84370372211276
SKU0106,2024-10-21,367.0,401.61745849904054
SKU0106,2024-10-28,547.0,500.22493937878534
SKU0106,2024-11-04,261.0,326.9792396162401
SKU0106,2024-11-11,189.0,192.29491407414287
SKU0106,2024-11-18,207.0,192.38419520391045
SKU0106,2024-11-25,212.0,213.14316201796476
SKU0106,2024-12-02,227.0,217.047897011908
SKU0106,2024-12-09,183.0,199.28966370164719
SKU0106,2024-12-16,228.0,210.4830776430367
SKU0106,2024-12-23,233.0,250.74973949142358
SKU0108,2024-10-07,150.0,148.70414669529708
SKU0108,2024-10-14,147.0,129.1901692053507
SKU0108,2024-10-21,308.0,320.2527877341098
SKU0108,2024-10-28,317.0,326.9810554109584
SKU0108,2024-11-04,215.0,210.78774702203998
SKU0108,2024-11-11,174.0,177.42956576230935
SKU0108,2024-11-18,171.0,161.77910034004208
SKU0108,2024-11-25,149.0,162.54051932847247
SKU0108,2024-12-02,180.0,170.45376268416115
SKU0108,2024-12-09,172.0,183.48425932610064
SKU0108,2024-12-16,172.0,190.56996936515043
SKU0108,2024-12-23,170.0,164.3284683117258
SKU0109,2024-10-07,340.0,354.9166730190845
SKU0109,2024-10-14,359.0,281.04902048301034
SKU0109,2024-10-21,660.0,679.1624518968254
SKU0109,2024-10-28,723.7060000000056,671.4584010195966
SKU0109,2024-11-04,510.0,514.0275877211076
SKU0109,2024-11-11,350.0,385.980033722094
SKU0109,2024-11-18,373.0,360.02358403012795
SKU0109,2024-11-25,345.0,355.57465217242776
SKU0109,2024-12-02,414.0,413.06017980452884
SKU0109,2024-12-09,344.0,354.0513373481811
SKU0109,2024-12-16,415.0,415.0192106226217
SKU0109,2024-12-23,452.0,461.5743525604494
SKU0111,2024-10-07,147.0,134.23640141748024
SKU0111,2024-10-14,181.0,165.50523366378803
SKU0111,2024-10-21,290.0,321.1948149992071
SKU0111,2024-10-28,316.0,317.3412494618296
SKU0111,2024-11-04,140.0,165.80079261096103
SKU0111,2024-11-11,122.0,125.58583628351622
SKU0111,2024-11-18,151.0,135.1283550680202
SKU0111,2024-11-25,147.0,155.49929461466198
SKU0111,2024-12-02,107.0,113.77339216911746
SKU0111,2024-12-09,125.0,119.57699319802904
SKU0111,2024-12-16,127.0,116.07990664404382
SKU0111,2024-12-23,123.0,128.61392727210875
SKU0112,2024-10-07,24.0,23.036884306384305
SKU0112,2024-10-14,106.0,74.1292531021406
SKU0112,2024-10-21,324.0,327.8971598195769
SKU0112,2024-10-28,435.0,402.0409443748003
SKU0112,2024-11-04,237.0,272.1835269117149
SKU0112,2024-11-11,206.0,214.85350760393248
SKU0112,2024-11-18,224.0,219.38104180870505
SKU0112,2024-11-25,218.0,216.35464248103528
SKU0112,2024-12-02,240.0,238.99356480274494
SKU0112,2024-12-09,204.0,218.97551043244866
SKU0112,2024-12-16,243.0,223.82600479470588
SKU0112,2024-12-23,228.0,252.46225033524144
SKU0114,2024-10-28,30.0,31.24491057670768
SKU0114,2024-11-04,53.0,58.3757049210027
SKU0114,2024-11-11,85.0,83.15800890308643
SKU0114,2024-11-18,123.0,122.24050114387542
SKU0114,2024-11-25,150.0,150.73360680932916
SKU0114,2024-12-02,126.0,126.92293119099077
SKU0114,2024-12-09,125.0,128.7613230785951
SKU0114,2024-12-16,114.0,109.73274730764723
SKU0114,2024-12-23,126.0,126.20396696531199
SKU0116,2024-10-07,187.0,190.97569675487918
SKU0116,2024-10-14,184.0,185.50128951921855
SKU0116,2024-10-21,299.0,337.39523483586714
SKU0116,2024-10-28,368.0,326.6423305806613
SKU0116,2024-11-04,298.0,307.0257720513492
SKU0116,2024-11-11,245.0,259.5144008216947
SKU0116,2024-11-18,294.0,285.43586055567175
SKU0116,2024-11-25,274.0,245.21331360246808
SKU0116,2024-12-02,339.0,370.34922196185863
SKU0116,2024-12-09,292.0,283.5800115294296
SKU0116,2024-12-16,357.0,334.0365553226202
SKU0116,2024-12-23,409.0,452.4656273875342
SKU0118,2024-10-07,7.0,7.782095789343483
SKU0118,2024-10-14,8.0,7.701146001177282
SKU0118,2024-10-21,13.0,12.501389422812137
SKU0118,2024-10-28,14.0,15.197911553975123
SKU0118,2024-11-04,8.0,10.01818336894944
SKU0118,2024-11-11,8.0,7.897005463360503
SKU0118,2024-11-18,8.0,7.8039387314106
SKU0118,2024-11-25,8.0,7.860606516327255
SKU0118,2024-12-02,8.0,8.694588491568627
SKU0118,2024-12-09,8.0,7.499564530475343
SKU0118,2024-12-16,8.0,7.263154040489678
SKU0118,2024-12-23,9.0,8.592966355109052
SKU0119,2024-10-07,77.0,74.78700262983367
SKU0119,2024-10-14,80.0,81.0535778640219
SKU0119,2024-10-21,122.0,120.15006978469306
SKU0119,2024-10-28,139.0,133.48532878113355
SKU0119,2024-11-04,89.0,100.7914911894694
SKU0119,2024-11-11,82.0,80.33633816272395
SKU0119,2024-11-18,84.0,84.40635980227296
SKU0119,2024-11-25,88.0,84.8923640329423
SKU0119,2024-12-02,78.0,82.17463240522225
SKU0119,2024-12-09,74.0,71.1577555759123
SKU0119,2024-12-16,75.0,67.29640551276313
SKU0119,2024-12-23,90.0,92.11890152044539
SKU0120,2024-11-25,8.0,20.714690836949636
SKU0120,2024-12-02,34.0,31.86456484244223
SKU0120,2024-12-09,51.0,46.55248957692282
SKU0120,2024-12-16,76.0,70.23392133672465
SKU0120,2024-12-23,92.0,99.69713702776458
SKU0121,2024-12-09,18.0,18.433254689754687
SKU0121,2024-12-16,75.0,72.62237745908666
SKU0121,2024-12-23,145.0,139.4362217785341
SKU0124,2024-10-07,293.0,287.5703846115494
SKU0124,2024-10-14,330.0,278.9636035142074
SKU0124,2024-10-21,575.0,611.4331035883006
SKU0124,2024-10-28,623.7060000000056,570.7548533099125
SKU0124,2024-11-04,329.0,358.55255087284013
SKU0124,2024-11-11,336.0,312.6042500323615
SKU0124,2024-11-18,318.0,300.32828327850234
SKU0124,2024-11-25,286.0,282.95134843510976
SKU0124,2024-12-02,278.0,284.7390987833875
SKU0124,2024-12-09,297.0,303.8901392551889
SKU0124,2024-12-16,304.0,305.71588068539916
SKU0124,2024-12-23,302.0,337.77347776505013
SKU0125,2024-10-07,13.0,12.950574271424543
SKU0125,2024-10-14,17.0,12.908506613079167
SKU0125,2024-10-21,27.0,27.216471939944718
SKU0125,2024-10-28,29.0,31.10989981827093
SKU0125,2024-11-04,17.0,21.056622854143722
SKU0125,2024-11-11,14.0,12.893920170571832
SKU0125,2024-11-18,16.0,17.00536677531981
SKU0125,2024-11-25,14.0,14.191337767583022
SKU0125,2024-12-02,14.0,14.178718917908446
SKU0125,2024-12-09,15.0,15.366414964639288
SKU0125,2024-12-16,14.0,15.24381547678174
SKU0125,2024-12-23,16.0,15.319405064340899
SKU0128,2024-10-07,514.0,495.3203404731526
SKU0128,2024-10-14,527.0,531.5902969056804
SKU0128,2024-10-21,928.7060000000056,816.32177015264
SKU0128,2024-10-28,764.0,801.9583613348638
SKU0128,2024-11-04,500.0,533.64439868516
SKU0128,2024-11-11,433.0,399.51139767224697
SKU0128,2024-11-18,479.0,444.5943032793689
SKU0128,2024-11-25,470.0,512.9612722837101
SKU0128,2024-12-02,416.0,403.0694723550681
SKU0128,2024-12-09,375.0,407.8291664528263
SKU0128,2024-12-16,422.0,404.4844903209299
SKU0128,2024-12-23,392.0,404.654536897705
SKU0129,2024-10-07,36.0,34.921575248030926
SKU0129,2024-10-14,43.0,41.48498468643925
SKU0129,2024-10-21,58.0,61.15647057737747
SKU0129,2024-10-28,58.0,56.83398573039387
SKU0129,2024-11-04,36.0,39.456292054793444
SKU0129,2024-11-11,31.0,34.74889199598065
SKU0129,2024-11-18,28.0,26.97169297583945
SKU0129,2024-11-25,38.0,35.057459304940394
SKU0129,2024-12-02,23.0,26.667010581844558
SKU0129,2024-12-09,27.0,23.0373564371999
SKU0129,2024-12-16,29.0,30.440171324446773
SKU0129,2024-12-23,32.0,30.500099779876273
SKU0130,2024-10-07,187.0,189.2324624630169
SKU0130,2024-10-14,168.0,164.7741055902017
SKU0130,2024-10-21,262.0,253.06553080738882
SKU0130,2024-10-28,258.0,285.4557686111125
SKU0130,2024-11-04,193.0,189.2407995950454
SKU0130,2024-11-11,158.0,163.42656613263512
SKU0130,2024-11-18,156.0,160.59338581385055
SKU0130,2024-11-25,144.0,158.5693554479561
SKU0130,2024-12-02,141.0,130.88956095518517
SKU0130,2024-12-09,121.0,134.18711983691807
SKU0130,2024-12-16,136.0,118.17190990505829
SKU0130,2024-12-23,132.0,133.51986968209664
SKU0131,2024-10-07,170.0,165.34077900001887
SKU0131,2024-10-14,203.0,159.18337988876294
SKU0131,2024-10-21,258.0,226.43986926592189
SKU0131,2024-10-28,358.0,396.30187613278343
SKU0131,2024-11-04,270.0,271.9757642317485
SKU0131,2024-11-11,192.0,178.67540694339561
SKU0131,2024-11-18,198.0,201.86346938199338
SKU0131,2024-11-25,198.0,201.04952938749597
SKU0131,2024-12-02,226.0,222.682431518675
SKU0131,2024-12-09,202.0,207.01284499004745
SKU0131,2024-12-16,224.0,227.16269148091186
SKU0131,2024-12-23,233.0,229.29547765670526
SKU0132,2024-10-07,171.0,166.90499968327862
SKU0132,2024-10-14,223.0,178.57051341196018
SKU0132,2024-10-21,365.0,382.99358299649145
SKU0132,2024-10-28,423.0,405.03524927336935
SKU0132,2024-11-04,231.0,269.30253163234073
SKU0132,2024-11-11,194.0,175.04276642380276
SKU0132,2024-11-18,178.0,161.41508526867722
SKU0132,2024-11-25,212.0,229.34218430375915
SKU0132,2024-12-02,228.0,215.5496472269807
SKU0132,2024-12-09,246.0,244.54907681884805
SKU0132,2024-12-16,233.0,225.7029463288899
SKU0132,2024-12-23,272.0,269.1108350659522
SKU0134,2024-10-07,254.0,283.1968445218332
SKU0134,2024-10-14,305.0,250.52255023209273
SKU0134,2024-10-21,448.0,412.450149091397
SKU0134,2024-10-28,578.0,569.4615795548527
SKU0134,2024-11-04,262.0,287.002235631501
SKU0134,2024-11-11,263.0,249.91012811354392
SKU0134,2024-11-18,298.0,283.2676841398761
SKU0134,2024-11-25,202.0,271.64246668902894
SKU0134,2024-12-02,322.0,274.96352760046096
SKU0134,2024-12-09,317.0,317.16498633594546
SKU0134,2024-12-16,308.0,328.894065478957
SKU0134,2024-12-23,360.0,360.9290902460444
SKU0138,2024-10-07,54.0,51.90132656174692
SKU0138,2024-10-14,66.0,61.95717934207028
SKU0138,2024-10-21,85.0,91.00725753952615
SKU0138,2024-10-28,101.0,98.92106181592693
SKU0138,2024-11-04,63.0,66.81524476222468
SKU0138,2024-11-11,54.0,57.902424371631284
SKU0138,2024-11-18,52.0,55.3293138105595
SKU0138,2024-11-25,53.0,47.943360394122074
SKU0138,2024-12-02,56.0,66.00117765882787
SKU0138,2024-12-09,56.0,56.04218612290746
SKU0138,2024-12-16,57.0,57.80533428200793
SKU0138,2024-12-23,61.0,58.625435125488046
SKU0139,2024-10-07,468.0,450.80243062548703
SKU0139,2024-10-14,443.0,404.43914391842185
SKU0139,2024-10-21,985.6981680000364,864.6876261141053
SKU0139,2024-10-28,914.4120000000112,956.0391156112564
SKU0139,2024-11-04,486.0,518.9243101942501
SKU0139,2024-11-11,474.0,459.52956280130473
SKU0139,2024-11-18,477.0,491.35370516634976
SKU0139,2024-11-25,557.0,540.7905073728613
SKU0139,2024-12-02,431.0,439.19838310886456
SKU0139,2024-12-09,505.0,461.68807021328263
SKU0139,2024-12-16,395.0,386.4031925068037
SKU0139,2024-12-23,594.0,576.2508241259983
SKU0140,2024-10-07,202.0,203.93789337650816
SKU0140,2024-10-14,279.0,243.5305122539317
SKU0140,2024-10-21,374.0,374.12557987648864
SKU0140,2024-10-28,394.0,407.1539487411059
SKU0140,2024-11-04,242.0,261.2978936167821
SKU0140,2024-11-11,200.0,211.8806440685178
SKU0140,2024-11-18,221.0,236.71411312566747
SKU0140,2024-11-25,207.0,208.17351676262967
SKU0140,2024-12-02,190.0,185.50718270763537
SKU0140,2024-12-09,177.0,182.4085855653162
SKU0140,2024-12-16,194.0,203.10988881588293
SKU0140,2024-12-23,194.0,207.02020749140974
SKU0142,2024-10-07,64.0,69.60290578593427
SKU0142,2024-10-14,78.0,59.408293180935
SKU0142,2024-10-21,130.0,138.45622727615802
SKU0142,2024-10-28,132.0,133.65074612623545
SKU0142,2024-11-04,67.0,74.16599582538304
SKU0142,2024-11-11,53.0,55.46576223751355
SKU0142,2024-11-18,50.0,52.654325552936896
SKU0142,2024-11-25,56.0,57.385445233826815
SKU0142,2024-12-02,48.0,45.90743173003967
SKU0142,2024-12-09,50.0,49.57023588358464
SKU0142,2024-12-16,45.0,44.53620299217877
SKU0142,2024-12-23,40.0,41.05771466646522
SKU0143,2024-10-07,16.0,17.180757140525618
SKU0143,2024-10-14,20.0,13.237878393579354
SKU0143,2024-10-21,40.0,42.15444547847155
SKU0143,2024-10-28,48.0,48.453222296269104
SKU0143,2024-11-04,22.0,23.83984171806308
SKU0143,2024-11-11,18.0,17.176369079732822
SKU0143,2024-11-18,25.0,23.223770720551833
SKU0143,2024-11-25,21.0,23.030530139840153
SKU0143,2024-12-02,26.0,23.116344479102573
SKU0143,2024-12-09,23.0,22.97992118944911
SKU0143,2024-12-16,24.0,21.837492478016774
SKU0143,2024-12-23,21.0,21.496680220850056
SKU0144,2024-10-07,76.0,74.79754667112734
SKU0144,2024-10-14,89.0,85.35750152100914
SKU0144,2024-10-21,146.0,155.0742851928136
SKU0144,2024-10-28,154.0,154.05085822113318
SKU0144,2024-11-04,113.0,112.66864125504502
SKU0144,2024-11-11,105.0,108.48460666347596
SKU0144,2024-11-18,104.0,109.43937249670051
SKU0144,2024-11-25,107.0,110.35082342336968
SKU0144,2024-12-02,99.0,99.27830836931635
SKU0144,2024-12-09,102.0,99.3106456246536
SKU0144,2024-12-16,110.0,110.31698330800879
SKU0144,2024-12-23,129.0,133.99017496231178
SKU0145,2024-10-07,75.0,83.17421137657138
SKU0145,2024-10-14,106.0,92.23339416783114
SKU0145,2024-10-21,149.0,155.58246983164713
SKU0145,2024-10-28,186.0,179.77147598004524
SKU0145,2024-11-04,105.0,125.40932247018439
SKU0145,2024-11-11,89.0,83.78275147454268
SKU0145,2024-11-18,90.0,85.92567707724682
SKU0145,2024-11-25,91.0,90.33644769125287
SKU0145,2024-12-02,109.0,109.39721416333981
SKU0145,2024-12-09,108.0,118.41884469596846
SKU0145,2024-12-16,126.0,118.69476984708308
SKU0145,2024-12-23,118.0,128.72872062900578
SKU0146,2024-10-07,78.0,72.21079303783995
SKU0146,2024-10-14,77.0,72.7742509538045
SKU0146,2024-10-21,132.0,131.1981161897074
SKU0146,2024-10-28,130.0,128.33574418693672
SKU0146,2024-11-04,58.0,75.4554634818922
SKU0146,2024-11-11,62.0,56.469329160708725
SKU0146,2024-11-18,56.0,63.97759205085177
SKU0146,2024-11-25,53.0,53.209632995003005
SKU0146,2024-12-02,55.0,55.32762287444626
SKU0146,2024-12-09,50.0,50.95020076077071
SKU0146,2024-12-16,54.0,57.533234672208
SKU0146,2024-12-23,53.0,56.173132646136864
SKU0147,2024-10-07,470.0,456.1820528861241
SKU0147,2024-10-14,554.7060000000056,466.04742636692595
SKU0147,2024-10-21,871.0,856.6395015547698
SKU0147,2024-10-28,985.6981680000364,925.1439531324921
SKU0147,2024-11-04,558.0,603.2483789932704
SKU0147,2024-11-11,449.0,415.82739368169496
SKU0147,2024-11-18,455.0,438.7267426417753
SKU0147,2024-11-25,466.0,490.39471857490827
SKU0147,2024-12-02,358.0,382.7679032466005
SKU0147,2024-12-09,403.0,411.8343086972008
SKU0147,2024-12-16,375.0,349.255243481492
SKU0147,2024-12-23,409.0,433.9220383971445
SKU0148,2024-10-07,82.0,83.72632351495244
SKU0148,2024-10-14,94.0,90.93152080685662
SKU0148,2024-10-21,126.0,131.64811630729872
SKU0148,2024-10-28,173.0,163.41567524724567
SKU0148,2024-11-04,94.0,103.62279029820562
SKU0148,2024-11-11,92.0,97.97089680347672
SKU0148,2024-11-18,91.0,90.04922993781592
SKU0148,2024-11-25,93.0,90.5614945447067
SKU0148,2024-12-02,119.0,108.56429569469985
SKU0148,2024-12-09,119.0,128.53089121021938
SKU0148,2024-12-16,108.0,108.21872711769585
SKU0148,2024-12-23,118.0,121.24706306092199
SKU0149,2024-10-07,388.0,370.7717267138351
SKU0149,2024-10-14,429.0,372.9772558265883
SKU0149,2024-10-21,623.0,692.5007261984128
SKU0149,2024-10-28,811.7060000000056,715.3199884407638
SKU0149,2024-11-04,364.0,437.58561568986596
SKU0149,2024-11-11,330.0,322.69981285281125
SKU0149,2024-11-18,311.0,321.4425264624457
SKU0149,2024-11-25,299.0,301.5212013049702
SKU0149,2024-12-02,278.0,284.57350733167885
SKU0149,2024-12-09,241.0,249.15893076390321
SKU0149,2024-12-16,295.0,285.0406948281389
SKU0149,2024-12-23,284.0,305.42016034209786
SKU0150,2024-10-07,163.0,163.96589514846934
SKU0150,2024-10-14,162.0,145.24462269647702
SKU0150,2024-10-21,257.0,279.8976051379399
SKU0150,2024-10-28,309.0,288.38311370004106
SKU0150,2024-11-04,211.0,237.40899046808053
SKU0150,2024-11-11,183.0,163.52695017216126
SKU0150,2024-11-18,181.0,186.09611874875102
SKU0150,2024-11-25,153.0,145.16977541642842
SKU0150,2024-12-02,173.0,180.56500991507863
SKU0150,2024-12-09,170.0,175.71120683378155
SKU0150,2024-12-16,186.0,205.62177302955794
SKU0150,2024-12-23,184.0,204.76907111522164
SKU0151,2024-10-07,318.0,274.21741856581775
SKU0151,2024-10-14,306.0,261.3010236636607
SKU0151,2024-10-21,647.0,598.3787239647365
SKU0151,2024-10-28,584.0,580.0240304751361
SKU0151,2024-11-04,284.0,327.92858103752775
SKU0151,2024-11-11,265.0,267.7024597340613
SKU0151,2024-11-18,268.0,266.995912066501
SKU0151,2024-11-25,253.0,261.68367964068403
SKU0151,2024-12-02,210.0,216.47117301289967
SKU0151,2024-12-09,212.0,209.08178982181576
SKU0151,2024-12-16,183.0,211.13503864471113
SKU0151,2024-12-23,265.0,254.81161622601653
SKU0152,2024-10-07,8.0,11.557100529100532
SKU0152,2024-10-14,58.0,41.16639595595153
SKU0152,2024-10-21,165.0,162.96036371143805
SKU0152,2024-10-28,230.0,249.4320070155553
SKU0152,2024-11-04,156.0,160.91516551188855
SKU0152,2024-11-11,176.0,178.20976937689267
SKU0152,2024-11-18,172.0,166.02300615087665
SKU0152,2024-11-25,195.0,186.8638386936759
SKU0152,2024-12-02,168.0,180.98872938590983
SKU0152,2024-12-09,185.0,185.66251142518453
SKU0152,2024-12-16,162.0,162.90625953914193
SKU0152,2024-12-23,189.0,197.66921403364566
SKU0153,2024-10-07,11.0,10.418233219306828
SKU0153,2024-10-14,19.0,14.926918856290074
SKU0153,2024-10-21,31.0,36.16082411061176
SKU0153,2024-10-28,36.0,35.16807524999341
SKU0153,2024-11-04,20.0,24.50601412922848
SKU0153,2024-11-11,11.0,11.55698676094038
SKU0153,2024-11-18,15.0,14.51809488035668
SKU0153,2024-11-25,17.0,17.939188332358626
SKU0153,2024-12-02,13.0,14.086292662827205
SKU0153,2024-12-09,15.0,15.491291329999267
SKU0153,2024-12-16,16.0,15.544673076137503
SKU0153,2024-12-23,15.0,15.395950587841483
SKU0154,2024-10-07,299.0,304.3303954118579
SKU0154,2024-10-14,298.0,266.59879948780997
SKU0154,2024-10-21,493.0,489.9454270630074
SKU0154,2024-10-28,563.0,566.2383024842105
SKU0154,2024-11-04,426.0,396.9026881584599
SKU0154,2024-11-11,315.0,330.2435797481259
SKU0154,2024-11-18,308.0,288.708353206048
SKU0154,2024-11-25,342.0,361.7510780109713
SKU0154,2024-12-02,346.0,338.80064409581644
SKU0154,2024-12-09,311.0,309.0953885554274
SKU0154,2024-12-16,330.0,339.3469089967758
SKU0154,2024-12-23,347.0,338.5805987914154
SKU0155,2024-10-07,340.0,334.3065697211566
SKU0155,2024-10-14,436.0,349.0721240143365
SKU0155,2024-10-21,706.0,691.557678284993
SKU0155,2024-10-28,789.0,829.4298033222519
SKU0155,2024-11-04,433.0,393.36844949494946
SKU0155,2024-11-11,363.0,369.2331705453309
SKU0155,2024-11-18,404.0,410.3937745484862
SKU0155,2024-11-25,357.0,380.17520957484504
SKU0155,2024-12-02,282.0,322.3083028712166
SKU0155,2024-12-09,276.0,249.14672808550003
SKU0155,2024-12-16,322.0,343.7813376914304
SKU0155,2024-12-23,341.0,345.64957034823533
SKU0156,2024-10-07,113.0,119.15617553562912
SKU0156,2024-10-14,142.0,117.05198317362974
SKU0156,2024-10-21,168.0,180.76684412478792
SKU0156,2024-10-28,246.0,248.3517315038633
SKU0156,2024-11-04,116.0,126.76382084567754
SKU0156,2024-11-11,116.0,119.4981118267396
SKU0156,2024-11-18,104.0,113.16649331449506
SKU0156,2024-11-25,100.0,99.32422949461032
SKU0156,2024-12-02,105.0,97.81803399902927
SKU0156,2024-12-09,102.0,109.10394555333413
SKU0156,2024-12-16,100.0,101.17389524086762
SKU0156,2024-12-23,98.0,92.56309210980179
SKU0157,2024-10-07,41.0,41.65767146840378
SKU0157,2024-10-14,57.0,40.19592751986111
SKU0157,2024-10-21,69.0,91.84123448280725
SKU0157,2024-10-28,81.0,92.05618481384099
SKU0157,2024-11-04,48.0,46.95668040564725
SKU0157,2024-11-11,37.0,39.61344486170873
SKU0157,2024-11-18,27.0,26.443326934538135
SKU0157,2024-11-25,40.0,41.32134583753041
SKU0157,2024-12-02,32.0,33.33374078180154
SKU0157,2024-12-09,28.0,26.93059753210093
SKU0157,2024-12-16,27.0,25.94720189569305
SKU0157,2024-12-23,32.0,32.422641721535676
SKU0158,2024-10-07,263.0,274.9598212717262
SKU0158,2024-10-14,368.0,281.7184597938767
SKU0158,2024-10-21,470.0,480.3374620491802
SKU0158,2024-10-28,572.0,467.3336479511036
SKU0158,2024-11-04,379.0,392.33251455680613
SKU0158,2024-11-11,266.0,279.39838106591145
SKU0158,2024-11-18,281.0,281.69884962613077
SKU0158,2024-11-25,334.0,324.81897440573573
SKU0158,2024-12-02,347.0,353.67559732386354
SKU0158,2024-12-09,275.0,265.26467264731065
SKU0158,2024-12-16,352.0,358.16923284334536
SKU0158,2024-12-23,332.0,358.24055450860027
SKU0159,2024-10-07,204.0,213.4167146693419
SKU0159,2024-10-14,259.0,221.56789770337105
SKU0159,2024-10-21,398.0,417.70038502833506
SKU0159,2024-10-28,522.0,479.12135069648434
SKU0159,2024-11-04,217.0,277.1751209587666
SKU0159,2024-11-11,168.0,174.59352398437179
SKU0159,2024-11-18,188.0,200.3622951359416
SKU0159,2024-11-25,170.0,181.46537096423629
SKU0159,2024-12-02,207.0,192.7355172801226
SKU0159,2024-12-09,150.0,182.45480187132915
SKU0159,2024-12-16,154.0,159.69493256721603
SKU0159,2024-12-23,197.0,204.34751744014474
SKU0160,2024-10-07,16.0,17.421458372335376
SKU0160,2024-10-14,20.0,16.49509457816198
SKU0160,2024-10-21,28.0,27.595030394429635
SKU0160,2024-10-28,32.0,34.62709953348481
SKU0160,2024-11-04,26.0,29.21638513980754
SKU0160,2024-11-11,20.0,18.644950853906774
SKU0160,2024-11-18,23.0,23.32999448750998
SKU0160,2024-11-25,23.0,21.09436067068322
SKU0160,2024-12-02,25.0,23.18884447910257
SKU0160,2024-12-09,25.0,22.943042690451946
SKU0160,2024-12-16,21.0,21.88581461092026
SKU0160,2024-12-23,27.0,21.724913813217523
SKU0161,2024-10-07,79.0,84.36473309887784
SKU0161,2024-10-14,92.0,84.67635064003784
SKU0161,2024-10-21,171.0,162.82710422850218
SKU0161,2024-10-28,171.0,177.55949834981703
SKU0161,2024-11-04,124.0,130.41801318099985
SKU0161,2024-11-11,84.0,89.32495743721108
SKU0161,2024-11-18,91.0,91.10939524738063
SKU0161,2024-11-25,87.0,85.11797486266283
SKU0161,2024-12-02,102.0,108.96584325424121
SKU0161,2024-12-09,122.0,119.06559978283838
SKU0161,2024-12-16,137.0,128.9188187974721
SKU0161,2024-12-23,112.0,113.50543467294784
SKU0165,2024-10-07,18.0,20.74183483253521
SKU0165,2024-10-14,23.0,19.981340052534698
SKU0165,2024-10-21,51.0,49.61018248861476
SKU0165,2024-10-28,64.0,69.72145603452972
SKU0165,2024-11-04,44.0,52.07081930157461
SKU0165,2024-11-11,38.0,35.86833765180382
SKU0165,2024-11-18,40.0,39.708171004454236
SKU0165,2024-11-25,34.0,34.698040573271726
SKU0165,2024-12-02,43.0,40.79083951240256
SKU0165,2024-12-09,33.0,36.15628504535157
SKU0165,2024-12-16,49.0,45.12169330972789
SKU0165,2024-12-23,44.0,44.384680587276605
SKU0167,2024-10-07,99.0,94.56199134198408
SKU0167,2024-10-14,91.0,89.60799108467307
SKU0167,2024-10-21,113.0,129.10799202195176
SKU0167,2024-10-28,164.0,153.58896224773284
SKU0167,2024-11-04,112.0,113.35797306209511
SKU0167,2024-11-11,121.0,126.86424381716004
SKU0167,2024-11-18,103.0,100.68253194427011
SKU0167,2024-11-25,110.0,107.62111750347876
SKU0167,2024-12-02,120.0,120.02547919793068
SKU0167,2024-12-09,115.0,118.1565451368877
SKU0167,2024-12-16,111.0,112.4330924749889
SKU0167,2024-12-23,94.0,97.78621051516103
SKU0168,2024-10-07,84.0,80.42310497915798
SKU0168,2024-10-14,74.0,68.56344456011897
SKU0168,2024-10-21,179.0,179.14779731502517
SKU0168,2024-10-28,164.0,169.47829810918861
SKU0168,2024-11-04,100.0,108.60616885501888
SKU0168,2024-11-11,96.0,99.16719972630031
SKU0168,2024-11-18,75.0,80.81765868105202
SKU0168,2024-11-25,92.0,88.24062339851787
SKU0168,2024-12-02,91.0,94.41001043868575
SKU0168,2024-12-09,88.0,86.2642830181432
SKU0168,2024-12-16,90.0,82.1399962405318
SKU0168,2024-12-23,92.0,89.6479453691371
SKU0170,2024-10-07,448.0,454.39243834554463
SKU0170,2024-10-14,496.0,410.21345039354327
SKU0170,2024-10-21,677.0,680.6691120555558
SKU0170,2024-10-28,779.4120000000112,680.680829630708
SKU0170,2024-11-04,485.0,515.2735776229325
SKU0170,2024-11-11,500.0,496.2794272725987
SKU0170,2024-11-18,498.0,487.6401652335919
SKU0170,2024-11-25,470.0,472.63613714559864
SKU0170,2024-12-02,365.0,368.8353225668745
SKU0170,2024-12-09,457.0,411.8472343615212
SKU0170,2024-12-16,460.0,478.7485524799073
SKU0170,2024-12-23,443.0,458.8574709821893
SKU0173,2024-10-07,398.0,361.377275227445
SKU0173,2024-10-14,427.0,384.6880550650027
SKU0173,2024-10-21,657.0,698.4720380396833
SKU0173,2024-10-28,780.0,828.1656912967354
SKU0173,2024-11-04,493.0,503.74141316768214
SKU0173,2024-11-11,381.0,331.32253067926564
SKU0173,2024-11-18,348.0,394.59776485739616
SKU0173,2024-11-25,340.0,343.8057201223931
SKU0173,2024-12-02,341.0,329.58834225489016
SKU0173,2024-12-09,320.0,343.211386794934
SKU0173,2024-12-16,344.0,320.8510546785032
SKU0173,2024-12-23,343.0,380.4886487895539
SKU0174,2024-10-07,10.0,9.182715604340853
SKU0174,2024-10-14,12.0,11.505530770424457
SKU0174,2024-10-21,19.0,18.15691527763785
SKU0174,2024-10-28,19.0,20.36514725418739
SKU0174,2024-11-04,12.0,14.116588331739477
SKU0174,2024-11-11,7.0,8.156703290268931
SKU0174,2024-11-18,9.0,9.11166863319496
SKU0174,2024-11-25,11.0,9.19886367897317
SKU0174,2024-12-02,7.0,8.69445556191614
SKU0174,2024-12-09,9.0,8.466762328395964
SKU0174,2024-12-16,9.0,8.053209745261539
SKU0174,2024-12-23,7.0,7.313298508497538
SKU0175,2024-10-07,150.0,155.96543745085538
SKU0175,2024-10-14,166.0,166.953103623063
SKU0175,2024-10-21,198.0,204.83581529911248
SKU0175,2024-10-28,252.0,248.72583941835924
SKU0175,2024-11-04,135.0,146.57660364348772
SKU0175,2024-11-11,133.0,129.73938391840684
SKU0175,2024-11-18,106.0,126.78645245924183
SKU0175,2024-11-25,118.0,97.68308903899234
SKU0175,2024-12-02,86.0,94.49248489137109
SKU0175,2024-12-09,86.0,83.1692350103806
SKU0175,2024-12-16,96.0,90.7498147791914
SKU0175,2024-12-23,101.0,110.67131337145412
SKU0176,2024-10-07,225.0,226.1275430815544
SKU0176,2024-10-14,266.0,220.52448116459647
SKU0176,2024-10-21,358.0,365.5926873930194
SKU0176,2024-10-28,490.0,452.9260017928493
SKU0176,2024-11-04,319.0,391.42708573539494
SKU0176,2024-11-11,262.0,244.27428757731843
SKU0176,2024-11-18,254.0,249.40189277203694
SKU0176,2024-11-25,286.0,265.777419154491
SKU0176,2024-12-02,347.0,361.7903734371261
SKU0176,2024-12-09,298.0,300.3322386344815
SKU0176,2024-12-16,333.0,351.36598631732863
SKU0176,2024-12-23,280.0,290.73497602945946
SKU0180,2024-10-07,146.0,147.28602911221736
SKU0180,2024-10-14,140.0,155.78820051387018
SKU0180,2024-10-21,268.0,255.99731188347468
SKU0180,2024-10-28,243.0,242.88716688835765
SKU0180,2024-11-04,164.0,162.19225824318508
SKU0180,2024-11-11,125.0,129.77896063953418
SKU0180,2024-11-18,134.0,133.60458191841087
SKU0180,2024-11-25,132.0,131.50596730966535
SKU0180,2024-12-02,127.0,126.88973778856274
SKU0180,2024-12-09,126.0,131.684442288032
SKU0180,2024-12-16,126.0,117.90255703050728
SKU0180,2024-12-23,136.0,136.06818370338652
SKU0182,2024-10-07,260.0,257.81922314874976
SKU0182,2024-10-14,345.0,303.0448569782317
SKU0182,2024-10-21,490.0,506.9480223418617
SKU0182,2024-10-28,555.0,511.02957863427065
SKU0182,2024-11-04,348.0,402.65365649567815
SKU0182,2024-11-11,309.0,296.233039970428
SKU0182,2024-11-18,275.0,270.81733137793435
SKU0182,2024-11-25,309.0,285.6936359064202
SKU0182,2024-12-02,316.0,335.44505313386054
SKU0182,2024-12-09,337.0,340.7292554840129
SKU0182,2024-12-16,349.0,341.9125691442854
SKU0182,2024-12-23,338.0,351.1592056362006
SKU0184,2024-10-07,69.0,69.18031397220606
SKU0184,2024-10-14,89.0,78.93355560994597
SKU0184,2024-10-21,111.0,116.0554383889783
SKU0184,2024-10-28,133.0,131.77216362157714
SKU0184,2024-11-04,77.0,86.51171225961669
SKU0184,2024-11-11,74.0,71.1779421211577
SKU0184,2024-11-18,81.0,86.0046540267799
SKU0184,2024-11-25,75.0,70.97074251879134
SKU0184,2024-12-02,67.0,68.1447306907205
SKU0184,2024-12-09,65.0,64.89592160087936
SKU0184,2024-12-16,78.0,68.32762168816974
SKU0184,2024-12-23,85.0,79.04606602960693
SKU0187,2024-10-07,215.0,211.73728446219445
SKU0187,2024-10-14,194.0,182.02465668586518
SKU0187,2024-10-21,312.0,326.2712505245448
SKU0187,2024-10-28,317.0,311.18281853551537
SKU0187,2024-11-04,211.0,246.11663845325842
SKU0187,2024-11-11,157.0,162.9713704060158
SKU0187,2024-11-18,162.0,169.9222508624857
SKU0187,2024-11-25,160.0,162.61789738645538
SKU0187,2024-12-02,151.0,165.15314446628324
SKU0187,2024-12-09,163.0,163.62112992588726
SKU0187,2024-12-16,127.0,136.9202425837155
SKU0187,2024-12-23,176.0,171.34981657596072
SKU0188,2024-10-07,30.0,29.27948163993644
SKU0188,2024-10-14,34.0,31.11448480733911
SKU0188,2024-10-21,48.0,47.35195338226982
SKU0188,2024-10-28,59.0,62.36865642350591
SKU0188,2024-11-04,28.0,33.971507736542456
SKU0188,2024-11-11,25.0,23.512187364875466
SKU0188,2024-11-18,23.0,23.386229634802625
SKU0188,2024-11-25,27.0,23.307929467141708
SKU0188,2024-12-02,26.0,28.927794953609023
SKU0188,2024-12-09,24.0,22.81087738947298
SKU0188,2024-12-16,29.0,25.485227834764363
SKU0188,2024-12-23,32.0,31.186989916985976
SKU0189,2024-10-07,239.0,257.3046558466058
SKU0189,2024-10-14,259.0,220.39275737103262
SKU0189,2024-10-21,478.0,498.0251144802348
SKU0189,2024-10-28,537.0,454.91976933134555
SKU0189,2024-11-04,309.0,376.57880149765805
SKU0189,2024-11-11,310.0,299.463205333589
SKU0189,2024-11-18,278.0,263.74652486470364
SKU0189,2024-11-25,262.0,265.93387104963284
SKU0189,2024-12-02,234.0,246.14352996587522
SKU0189,2024-12-09,266.0,263.4774505966111
SKU0189,2024-12-16,276.0,284.31487583516736
SKU0189,2024-12-23,303.0,303.6358981523123
SKU0191,2024-10-07,90.0,83.93643188859345
SKU0191,2024-10-14,106.0,96.84718968370471
SKU0191,2024-10-21,173.0,166.83503854869866
SKU0191,2024-10-28,162.0,174.70826650987092
SKU0191,2024-11-04,96.0,105.71637430114168
SKU0191,2024-11-11,88.0,83.56310642997083
SKU0191,2024-11-18,77.0,80.93831392297567
SKU0191,2024-11-25,88.0,85.98932805524186
SKU0191,2024-12-02,70.0,74.20420410326662
SKU0191,2024-12-09,68.0,68.86772231982513
SKU0191,2024-12-16,63.0,64.38761232869928
SKU0191,2024-12-23,75.0,66.74357712738649
SKU0192,2024-10-07,457.0,430.96750054303
SKU0192,2024-10-14,514.7060000000056,399.61048247092936
SKU0192,2024-10-21,802.7060000000056,835.642322848833
SKU0192,2024-10-28,985.6981680000364,926.8361611591598
SKU0192,2024-11-04,501.0,504.89647886914275
SKU0192,2024-11-11,471.0,496.68569890896885
SKU0192,2024-11-18,413.0,493.8404485714953
SKU0192,2024-11-25,519.0,433.43834718441815
SKU0192,2024-12-02,428.0,430.8471072328493
SKU0192,2024-12-09,468.0,499.73009133371403
SKU0192,2024-12-16,414.0,385.56875014125063
SKU0192,2024-12-23,518.0,504.82013205254435
SKU0193,2024-10-07,315.0,302.25893990293554
SKU0193,2024-10-14,348.0,286.1495109271516
SKU0193,2024-10-21,669.0,687.5893161904767
SKU0193,2024-10-28,685.7060000000056,667.2726949668115
SKU0193,2024-11-04,428.0,382.38774206349217
SKU0193,2024-11-11,284.0,288.5625807944063
SKU0193,2024-11-18,304.0,345.4288167288837
SKU0193,2024-11-25,328.0,302.84239962916445
SKU0193,2024-12-02,349.0,350.4787858876944
SKU0193,2024-12-09,345.0,349.1488609415873
SKU0193,2024-12-16,404.0,371.8063479934616
SKU0193,2024-12-23,319.0,366.2940773841411
SKU0194,2024-10-07,78.0,74.01243983578141
SKU0194,2024-10-14,87.0,83.0828060246517
SKU0194,2024-10-21,165.0,167.50393157176018
SKU0194,2024-10-28,179.0,177.43665961682706
SKU0194,2024-11-04,108.0,123.89848063404087
SKU0194,2024-11-11,79.0,77.88536546000734
SKU0194,2024-11-18,66.0,68.92379179729338
SKU0194,2024-11-25,73.0,79.0119574358816
SKU0194,2024-12-02,81.0,77.96285426736708
SKU0194,2024-12-09,80.0,82.01812121796655
SKU0194,2024-12-16,80.0,74.59535938399658
SKU0194,2024-12-23,89.0,80.14339859146358
SKU0196,2024-10-07,300.0,339.55372305574485
SKU0196,2024-10-14,339.0,277.25971142534155
SKU0196,2024-10-21,404.0,448.98577126801706
SKU0196,2024-10-28,485.0,441.86258254198293
SKU0196,2024-11-04,340.0,375.7019952917003
SKU0196,2024-11-11,307.0,279.4463466303733
SKU0196,2024-11-18,270.0,300.73500525568994
SKU0196,2024-11-25,338.0,306.66885764586647
SKU0196,2024-12-02,331.0,345.5653291184064
SKU0196,2024-12-09,292.0,301.29079092413804
SKU0196,2024-12-16,265.0,282.9138855754424
SKU0196,2024-12-23,301.0,306.69588015558196
SKU0199,2024-10-07,107.0,112.1907284910813
SKU0199,2024-10-14,145.0,101.04438204746366
SKU0199,2024-10-21,270.0,295.74371915049136
SKU0199,2024-10-28,329.0,330.37584739594763
SKU0199,2024-11-04,190.0,213.08276557794395
SKU0199,2024-11-11,130.0,123.4163208570379
SKU0199,2024-11-18,108.0,114.87511305462662
SKU0199,2024-11-25,125.0,112.98343205362444
SKU0199,2024-12-02,165.0,164.27862693048897
SKU0199,2024-12-09,166.0,171.28522831243404
SKU0199,2024-12-16,143.0,152.99567848541594
SKU0199,2024-12-23,187.0,203.50024309140738
SKU0200,2024-10-07,181.0,167.0594750014858
SKU0200,2024-10-14,234.0,187.62791987482754
SKU0200,2024-10-21,430.0,455.45107343482346
SKU0200,2024-10-28,398.0,357.8913445871881
SKU0200,2024-11-04,229.0,263.9930544368024
SKU0200,2024-11-11,219.0,215.97747851440917
SKU0200,2024-11-18,211.0,204.70498785490705
SKU0200,2024-11-25,243.0,231.28522606524243
SKU0200,2024-12-02,243.0,258.3946196866672
SKU0200,2024-12-09,254.0,243.9578617753206
SKU0200,2024-12-16,243.0,250.34908025234748
SKU0200,2024-12-23,319.0,325.283174013226
